State,County,FIPS code,Avg Annual Change (5yr) %,Avg Annual Change (10yr) %,Rank National (5yr),Rank National (10yr),Rank in State (5yr),Rank in State (10yr)
AK,Sitka,02220,10.434000000000001,6.623,678,1221,1,1
AK,Kenai Peninsula,02122,8.986,5.911,1338,1696,2,2
AK,Matanuska Susitna,02170,8.214,5.407,1748,1995,3,4
AK,Ketchikan Gateway,02130,7.303999999999999,5.779999999999999,2131,1776,4,3
AK,Kodiak Island,02150,6.67,4.141,2321,2488,5,6
AK,Fairbanks North Star,02090,5.902,4.115,2485,2494,6,7
AK,Juneau,02110,5.662,4.201,2520,2471,7,5
AK,Anchorage,02020,5.542,3.4299999999999997,2539,2628,8,8
AL,Cherokee,01019,11.972,7.226999999999999,244,847,1,4
AL,Cleburne,01029,11.532,7.2620000000000005,339,828,2,3
AL,DeKalb,01049,11.144,7.117,449,916,3,5
AL,Lawrence,01079,11.046,6.558,479,1262,4,11
AL,Hale,01065,10.734,6.448,567,1318,5,13
AL,Marshall,01095,10.504000000000001,6.9,648,1048,6,7
AL,Clay,01027,10.496,6.859,653,1073,7,8
AL,Limestone,01083,10.486,6.850999999999999,656,1085,8,9
AL,Morgan,01103,10.313999999999998,6.688,723,1179,9,10
AL,Madison,01089,10.312000000000001,6.953,724,1010,10,6
AL,Russell,01113,10.246,6.367,745,1378,11,15
AL,Lauderdale,01077,9.994,6.254,851,1452,12,17
AL,Baldwin,01003,9.902,7.608,896,688,13,2
AL,Winston,01133,9.862,6.548,912,1265,14,12
AL,Jackson,01071,9.742,6.178,980,1508,15,20
AL,Colbert,01033,9.732,6.142,983,1543,16,22
AL,Cullman,01043,9.668000000000001,6.409999999999999,1015,1352,17,14
AL,Lamar,01075,9.49,5.723333333333333,1099,1817,18,32
AL,Conecuh,01035,9.303333333333333,4.315,1186,2435,19,51
AL,Pickens,01107,9.124,4.73,1287,2309,20,46
AL,Etowah,01055,9.092,5.574,1301,1912,21,34
AL,Covington,01039,9.038,4.871,1322,2247,22,45
AL,Randolph,01111,8.814,5.7829999999999995,1437,1772,23,30
AL,Bibb,01007,8.782,6.164,1456,1519,24,21
AL,Mobile,01097,8.776,6.206,1462,1484,25,19
AL,Marion,01093,8.728,5.9,1482,1704,26,26
AL,Blount,01009,8.712,5.982,1491,1652,27,24
AL,Chilton,01021,8.654,5.906,1521,1701,28,25
AL,Shelby,01117,8.606,6.312,1555,1414,29,16
AL,Butler,01013,8.574000000000002,4.456999999999999,1578,2401,30,50
AL,Henry,01067,8.526,5.7090000000000005,1597,1828,31,33
AL,Franklin,01059,8.492,5.803,1617,1757,32,29
AL,Tallapoosa,01123,8.43,5.88,1640,1714,33,27
AL,Chambers,01017,8.424,5.388,1643,2004,34,38
AL,Saint Clair,01115,8.244,6.014,1732,1625,35,23
AL,Coosa,01037,8.213333333333333,7.763333333333333,1749,631,36,1
AL,Coffee,01031,8.212,4.892,1750,2236,37,44
AL,Calhoun,01015,8.145999999999999,5.467,1785,1962,38,35
AL,Lee,01081,8.144,6.253,1786,1453,39,18
AL,Talladega,01121,8.046,5.427,1843,1981,40,37
AL,Autauga,01001,8.04,5.104,1845,2161,41,41
AL,Dale,01045,8.026,4.9799999999999995,1854,2206,42,43
AL,Escambia,01053,7.952,5.772,1890,1784,43,31
AL,Geneva,01061,7.85,5.446,1934,1969,44,36
AL,Walker,01127,7.55,5.121,2053,2154,45,40
AL,Houston,01069,7.508,4.6850000000000005,2068,2327,46,47
AL,Elmore,01051,7.394,4.6850000000000005,2098,2327,47,47
AL,Monroe,01099,7.322,5.229,2124,2099,48,39
AL,Tuscaloosa,01125,7.2379999999999995,5.087,2151,2170,49,42
AL,Jefferson,01073,7.006,5.848000000000001,2229,1737,50,28
AL,Montgomery,01101,6.876,3.85,2268,2551,51,54
AL,Dallas,01047,6.804,3.444,2288,2625,52,58
AL,Marengo,01091,6.51,4.465999999999999,2360,2398,53,49
AL,Macon,01087,6.359999999999999,4.054,2395,2502,54,53
AL,Barbour,01005,6.242,3.5810000000000004,2429,2598,55,56
AL,Fayette,01057,6.13,4.311,2447,2438,56,52
AL,Sumter,01119,5.869999999999999,2.5628571428571427,2494,2719,57,62
AL,Pike,01109,5.84,3.539,2497,2605,58,57
AL,Washington,01129,5.38,2.73125,2559,2711,59,61
AL,Clarke,01025,4.672,3.2270000000000003,2652,2655,60,60
AL,Lowndes,01085,3.6633333333333336,3.435,2728,2626,61,59
AL,Choctaw,01023,2.9300000000000006,3.6811111111111106,2745,2583,62,55
AL,Wilcox,01131,2.82,1.6774999999999998,2748,2764,63,64
AL,Crenshaw,01041,2.768,2.3579999999999997,2750,2736,64,63
AR,Newton,05101,18.66333333333333,9.03,9,232,1,3
AR,Montgomery,05097,15.593333333333334,9.20125,23,193,2,1
AR,Benton,05007,12.232,9.084,200,216,3,2
AR,Sharp,05135,10.866000000000001,5.931,531,1679,4,21
AR,Washington,05143,10.866,8.205,532,461,5,4
AR,Marion,05089,10.838,6.396,539,1364,6,9
AR,Cross,05037,10.76,6.36,561,1380,7,11
AR,Madison,05087,10.648,7.984999999999999,597,534,8,5
AR,Hempstead,05057,10.514,6.083,645,1576,9,20
AR,Izard,05065,10.45,6.16,672,1523,10,16
AR,Boone,05009,10.398,6.83,691,1093,11,7
AR,Franklin,05047,10.169999999999998,6.177,782,1510,12,14
AR,Baxter,05005,10.046,6.159000000000001,837,1524,13,17
AR,Carroll,05015,9.854,6.392,925,1367,14,10
AR,Polk,05113,9.790000000000001,6.82,955,1098,15,8
AR,Hot Spring,05059,9.77,6.109999999999999,964,1562,16,19
AR,Crawford,05033,9.588000000000001,6.237,1048,1465,17,12
AR,Poinsett,05111,9.51,6.859,1087,1073,18,6
AR,Clay,05021,9.4525,5.358750000000001,1119,2017,19,30
AR,Garland,05051,9.245999999999999,6.164,1213,1519,20,15
AR,Saint Francis,05123,9.148,5.082,1270,2175,21,40
AR,Cleburne,05023,8.942,5.2490000000000006,1364,2082,22,34
AR,Stone,05137,8.838000000000001,5.34,1424,2029,23,31
AR,White,05145,8.822,5.26,1433,2078,24,33
AR,Sebastian,05131,8.809999999999999,5.885,1442,1712,25,22
AR,Grant,05053,8.696,5.273,1496,2069,26,32
AR,Perry,05105,8.684000000000001,5.507,1505,1942,27,27
AR,Clark,05019,8.522,4.869999999999999,1599,2249,28,45
AR,Johnson,05071,8.384,5.711,1658,1827,29,24
AR,Mississippi,05093,8.382,4.875,1660,2243,30,44
AR,Sevier,05133,8.312000000000001,5.715,1700,1824,31,23
AR,Lonoke,05085,8.266,5.031000000000001,1717,2188,32,42
AR,Faulkner,05045,8.245999999999999,5.428,1730,1977,33,29
AR,Lincoln,05079,8.17,6.15375,1774,1532,34,18
AR,Conway,05029,7.975999999999999,5.701,1876,1838,35,25
AR,Randolph,05121,7.926,5.632,1909,1877,36,26
AR,Van Buren,05141,7.851999999999999,4.85,1933,2261,37,46
AR,Searcy,05129,7.82,5.101111111111111,1950,2164,38,38
AR,Independence,05063,7.806,4.971,1955,2210,39,43
AR,Yell,05149,7.7219999999999995,5.492,1991,1947,40,28
AR,Saline,05125,7.486,5.039,2077,2185,41,41
AR,Bradley,05011,7.4675,3.8655555555555563,2084,2549,42,58
AR,Pope,05115,7.38,5.0969999999999995,2105,2166,43,39
AR,Lawrence,05075,7.372,5.122,2110,2152,44,37
AR,Logan,05083,7.302,6.209,2134,1483,45,13
AR,Pulaski,05119,7.294,4.67,2137,2335,46,49
AR,Miller,05091,7.287999999999999,5.152,2140,2141,47,36
AR,Pike,05109,7.260000000000001,4.46,2146,2400,48,52
AR,Arkansas,05001,7.140000000000001,3.7840000000000003,2185,2567,49,59
AR,Howard,05061,7.100000000000001,4.433000000000001,2202,2408,50,53
AR,Little River,05081,6.862,5.221,2271,2103,51,35
AR,Jefferson,05069,6.795999999999999,4.256,2291,2458,52,57
AR,Greene,05055,6.744,4.769,2300,2294,53,47
AR,Ouachita,05103,6.7299999999999995,4.276,2302,2449,54,55
AR,Crittenden,05035,6.678,4.5329999999999995,2318,2378,55,51
AR,Craighead,05031,6.653999999999999,4.725,2325,2310,56,48
AR,Fulton,05049,6.62,3.4579999999999997,2334,2624,57,62
AR,Woodruff,05147,6.31,1.8014285714285714,2408,2760,58,67
AR,Columbia,05027,6.186,4.314,2433,2436,59,54
AR,Cleveland,05025,5.73,3.0330000000000004,2511,2679,60,64
AR,Union,05139,5.28,3.431,2582,2627,61,63
AR,Ashley,05003,5.236,3.4850000000000003,2589,2622,62,61
AR,Drew,05043,5.196,4.264,2595,2454,63,56
AR,Jackson,05067,5.046,3.527,2608,2608,64,60
AR,Scott,05127,4.465999999999999,4.627,2672,2344,65,50
AR,Phillips,05107,3.463333333333333,2.2975000000000003,2735,2738,66,66
AR,Chicot,05017,1.0066666666666668,0.9325,2777,2776,67,68
AR,Desha,05041,-0.3333333333333333,2.40375,2782,2732,68,65
AZ,Apache,04001,12.919999999999998,8.902,110,266,1,4
AZ,Navajo,04017,12.384,9.618,165,119,2,2
AZ,Pinal,04021,11.43,9.783,368,102,3,1
AZ,Maricopa,04013,11.080000000000002,9.226,470,188,4,3
AZ,Coconino,04005,11.028,8.649,484,329,5,7
AZ,Yuma,04027,10.854000000000001,7.6290000000000004,533,680,6,11
AZ,Gila,04007,10.674000000000001,8.546000000000001,588,354,7,8
AZ,Pima,04019,10.554,8.136,629,482,8,9
AZ,Santa Cruz,04023,10.2,7.942,769,551,9,10
AZ,Yavapai,04025,9.968,8.895999999999999,867,269,10,5
AZ,Mohave,04015,9.884,8.862,902,277,11,6
AZ,Cochise,04003,9.86,6.875,916,1064,12,13
AZ,Graham,04009,9.622,6.632000000000001,1036,1213,13,14
AZ,La Paz,04012,7.667999999999999,7.1370000000000005,2015,899,14,12
CA,Del Norte,06015,10.315999999999999,8.473,720,372,1,1
CA,Riverside,06065,9.913999999999998,8.052,894,513,2,4
CA,San Diego,06073,9.774,7.656999999999999,962,669,3,10
CA,San Bernardino,06071,9.622,7.973000000000001,1036,541,4,5
CA,Kern,06029,9.488000000000001,6.894,1101,1052,5,21
CA,Imperial,06025,9.414,7.846000000000001,1141,591,6,7
CA,Madera,06039,9.33,7.956999999999999,1173,547,7,6
CA,Tulare,06107,9.306000000000001,7.5760000000000005,1182,702,8,11
CA,Santa Barbara,06083,9.218,6.938000000000001,1226,1023,9,20
CA,Fresno,06019,8.968,7.537000000000001,1349,716,10,14
CA,Orange,06059,8.814,6.706,1437,1167,11,25
CA,Merced,06047,8.656,8.291,1520,436,12,2
CA,Kings,06031,8.59,7.167,1562,881,13,17
CA,Modoc,06049,8.336,6.612,1686,1225,14,26
CA,Inyo,06027,8.216,6.098000000000001,1746,1569,15,42
CA,Monterey,06053,8.124,7.567,1800,705,16,12
CA,Stanislaus,06099,7.994,7.784999999999999,1869,620,17,8
CA,Mono,06051,7.946000000000001,6.491,1893,1294,18,29
CA,San Joaquin,06077,7.942,7.761,1897,633,19,9
CA,San Luis Obispo,06079,7.942,6.601999999999999,1897,1231,19,27
CA,Los Angeles,06037,7.866,6.9590000000000005,1928,1005,21,19
CA,Ventura,06111,7.831999999999999,6.218,1943,1474,22,37
CA,Yuba,06115,7.792,8.097,1960,495,23,3
CA,Sacramento,06067,7.545999999999999,7.4239999999999995,2054,755,24,15
CA,Sutter,06101,7.526000000000001,7.557,2059,708,25,13
CA,Humboldt,06023,7.366,6.269,2113,1441,26,35
CA,Alpine,06003,7.223333333333333,4.9925,2158,2202,27,55
CA,Colusa,06011,6.694,7.196000000000001,2316,863,28,16
CA,Calaveras,06009,6.636,6.992,2329,976,29,18
CA,Siskiyou,06093,6.58,6.404999999999999,2344,1356,30,31
CA,Placer,06061,6.5,6.043,2362,1603,31,44
CA,Solano,06095,6.3100000000000005,6.892,2406,1054,32,22
CA,El Dorado,06017,6.3,6.07,2412,1585,33,43
CA,Shasta,06089,6.2780000000000005,5.725,2421,1816,34,48
CA,Yolo,06113,6.108,6.186,2450,1503,35,39
CA,Contra Costa,06013,5.986,6.384,2472,1368,36,32
CA,Trinity,06105,5.9399999999999995,4.8549999999999995,2480,2259,37,56
CA,Sierra,06091,5.9239999999999995,6.42,2483,1340,38,30
CA,Santa Clara,06085,5.89,6.131,2489,1545,39,41
CA,San Benito,06069,5.818,6.331,2501,1399,40,33
CA,Tuolumne,06109,5.806,5.86,2503,1732,41,46
CA,Tehama,06103,5.784000000000001,6.5040000000000004,2505,1284,42,28
CA,Napa,06055,5.6259999999999994,5.867,2527,1722,43,45
CA,Plumas,06063,5.465999999999999,6.148999999999999,2546,1536,44,40
CA,Mariposa,06043,5.434,5.412999999999999,2553,1991,45,52
CA,Santa Cruz,06087,5.422,5.741,2554,1803,46,47
CA,Nevada,06057,5.3660000000000005,5.5920000000000005,2561,1899,47,50
CA,Lake,06033,5.358,6.767,2563,1121,48,24
CA,Amador,06005,5.018,6.288,2612,1429,49,34
CA,Mendocino,06045,4.9879999999999995,5.526999999999999,2615,1931,50,51
CA,Alameda,06001,4.926,6.253,2621,1453,51,36
CA,Glenn,06021,4.81,6.776000000000001,2631,1119,52,23
CA,Butte,06007,4.762,6.188000000000001,2639,1500,53,38
CA,Sonoma,06097,4.698,5.622,2649,1882,54,49
CA,Marin,06041,4.57,4.666,2661,2336,55,57
CA,Lassen,06035,3.8579999999999997,5.282,2713,2059,56,54
CA,San Mateo,06081,3.482,5.3759999999999994,2732,2013,57,53
CA,San Francisco,06075,1.256,4.088,2771,2496,58,58
CO,Bent,08011,21.073333333333334,30.997500000000002,2,1,1,1
CO,San Juan,08111,20.286666666666665,10.2075,4,71,2,6
CO,Mineral,08079,15.716666666666667,10.093333333333332,20,79,3,7
CO,Saguache,08109,14.725000000000001,8.778571428571428,35,291,4,23
CO,Pitkin,08097,13.106666666666667,8.3125,92,425,5,30
CO,Custer,08027,12.78,9.083,129,217,6,19
CO,Routt,08107,12.56,9.793000000000001,150,99,7,8
CO,Washington,08121,12.4,11.13375,163,31,8,3
CO,Ouray,08091,12.236,9.773,198,103,9,9
CO,Lake,08065,12.096,11.104000000000001,226,33,10,4
CO,Prowers,08099,11.691999999999998,9.190000000000001,301,197,11,17
CO,Eagle,08037,11.661999999999999,9.693000000000001,307,114,12,11
CO,Dolores,08033,11.48,11.48,357,21,13,2
CO,Conejos,08021,11.346666666666666,7.078333333333333,392,944,14,50
CO,Grand,08049,11.284,10.33,412,59,15,5
CO,Archuleta,08007,10.85,9.601,536,125,16,13
CO,Summit,08117,10.824000000000002,9.581,543,128,17,14
CO,Otero,08089,10.693999999999999,9.296000000000001,579,170,18,16
CO,Delta,08029,10.61,8.129999999999999,613,484,19,34
CO,Chaffee,08015,10.542,9.684999999999999,637,117,20,12
CO,Montezuma,08083,10.505999999999998,7.446,647,748,21,48
CO,Garfield,08045,10.336,8.463,712,374,22,27
CO,Sedgwick,08115,10.226666666666667,6.22625,753,1471,23,57
CO,Gunnison,08051,10.044,9.033,838,231,24,20
CO,San Miguel,08113,9.953333333333333,9.745000000000001,876,108,25,10
CO,Rio Grande,08105,9.95,7.473999999999999,878,737,26,47
CO,Las Animas,08071,9.918000000000001,8.079,893,504,27,36
CO,Crowley,08025,9.575,9.575,1055,129,28,15
CO,Hinsdale,08053,9.476666666666667,6.151249999999999,1107,1533,29,58
CO,Mesa,08077,9.452,8.031,1120,520,30,37
CO,Montrose,08085,9.448,8.336,1125,419,31,28
CO,Teller,08119,9.422,8.745000000000001,1135,301,32,24
CO,Alamosa,08003,9.258,6.825,1206,1095,33,52
CO,Moffat,08081,9.198,6.741,1239,1136,34,54
CO,Huerfano,08055,9.059999999999999,7.6450000000000005,1312,672,35,43
CO,Pueblo,08101,8.984,8.666,1340,322,36,25
CO,La Plata,08067,8.958,6.7299999999999995,1356,1147,37,55
CO,Fremont,08043,8.95,8.524000000000001,1361,361,38,26
CO,Phillips,08095,8.937999999999999,7.767,1368,628,39,42
CO,Clear Creek,08019,8.852,8.95,1417,248,40,21
CO,Park,08093,8.834,9.142,1426,205,41,18
CO,Kit Carson,08063,8.802,6.776999999999999,1445,1118,42,53
CO,El Paso,08041,8.248000000000001,8.114,1727,488,43,35
CO,Rio Blanco,08103,8.23,4.897,1738,2235,44,60
CO,Yuma,08125,8.034,6.12,1848,1552,45,59
CO,Logan,08075,8.02,6.970999999999999,1859,996,46,51
CO,Jefferson,08059,7.792,8.294,1960,433,47,31
CO,Broomfield,08014,7.4959999999999996,7.9159999999999995,2076,563,48,39
CO,Larimer,08069,7.406000000000001,7.889,2093,572,49,40
CO,Adams,08001,7.308,8.918,2128,260,50,22
CO,Douglas,08035,7.223999999999999,7.5280000000000005,2157,720,51,46
CO,Gilpin,08047,7.206,7.9239999999999995,2163,561,52,38
CO,Arapahoe,08005,7.2,8.217,2164,455,53,32
CO,Morgan,08087,7.12,8.167,2196,472,54,33
CO,Lincoln,08073,7.0,7.85,2231,588,55,41
CO,Elbert,08039,6.9799999999999995,7.610000000000001,2237,685,56,44
CO,Weld,08123,6.9719999999999995,8.321,2239,422,57,29
CO,Boulder,08013,6.728,7.536,2303,717,58,45
CO,Denver,08031,6.1579999999999995,7.4,2438,765,59,49
CO,Jackson,08057,2.4333333333333336,6.516250000000001,2755,1278,60,56
CT,Litchfield,09005,10.148,5.645,790,1873,1,3
CT,New London,09011,9.836,5.983,929,1650,2,2
CT,Windham,09015,9.778,6.5569999999999995,960,1263,3,1
CT,New Haven,09009,9.702,5.586,1002,1902,4,4
CT,Hartford,09003,9.652,5.326,1024,2035,5,5
CT,Middlesex,09007,9.45,5.236,1122,2093,6,6
CT,Fairfield,09001,9.052,5.119,1314,2157,7,7
CT,Tolland,09013,8.982000000000001,5.017,1341,2192,8,8
DC,District of Columbia,11001,2.942,4.07,2744,2500,1,1
DE,Kent,10001,8.936,5.9990000000000006,1370,1640,1,2
DE,Sussex,10005,8.936,6.149,1370,1535,1,1
DE,New Castle,10003,8.617999999999999,5.5649999999999995,1550,1917,3,3
FL,Hamilton,12047,13.780000000000001,9.121,54,209,1,38
FL,Pasco,12101,13.540000000000001,11.756,65,17,2,2
FL,Okeechobee,12093,13.406,11.285,73,27,3,4
FL,Dixie,12029,13.2975,9.682222222222222,80,118,4,29
FL,Hernando,12053,13.154000000000002,11.981,89,14,5,1
FL,Levy,12075,13.104,9.767,93,106,6,27
FL,Miami-Dade,12086,12.906,10.342,111,58,7,16
FL,Manatee,12081,12.886,10.520999999999999,114,46,8,9
FL,Collier,12021,12.794,10.227,126,68,9,20
FL,Union,12125,12.566666666666668,6.79375,148,1110,10,63
FL,Highlands,12055,12.554,10.489,151,51,11,11
FL,Martin,12085,12.448,10.367999999999999,158,56,12,15
FL,Liberty,12077,12.423333333333332,10.01875,161,85,13,21
FL,Palm Beach,12099,12.419999999999998,10.276,162,63,14,18
FL,Citrus,12017,12.36,10.836,172,38,15,6
FL,Pinellas,12103,12.341999999999999,10.731,174,41,16,7
FL,Putnam,12107,12.336,9.772,176,104,17,26
FL,Holmes,12059,12.292000000000002,8.416,186,400,18,46
FL,Calhoun,12013,12.104,8.351,224,415,19,47
FL,Saint Lucie,12111,11.98,11.462,241,22,20,3
FL,Hendry,12051,11.974,10.854,243,36,21,5
FL,Nassau,12089,11.78,9.974,278,90,22,23
FL,Polk,12105,11.758,10.305,288,60,23,17
FL,Marion,12083,11.565999999999999,9.607,329,121,24,30
FL,Broward,12011,11.504000000000001,9.364,348,158,25,33
FL,Hillsborough,12057,11.496,9.984,351,89,26,22
FL,Indian River,12061,11.452000000000002,10.455000000000002,364,53,27,13
FL,Madison,12079,11.396,7.144,377,895,28,60
FL,Lee,12071,11.389999999999999,9.459999999999999,380,140,29,31
FL,Sarasota,12115,11.384,9.803,382,98,30,25
FL,Osceola,12097,11.276,10.487,414,52,31,12
FL,Hardee,12049,11.272,10.66,417,43,32,8
FL,Charlotte,12015,11.142000000000001,9.942,450,92,33,24
FL,Gilchrist,12041,11.102,8.181000000000001,461,467,34,52
FL,Volusia,12127,11.036,10.439,482,54,35,14
FL,Suwannee,12121,10.99,8.923,494,259,36,43
FL,Bradford,12007,10.952000000000002,8.091,502,497,37,54
FL,Lake,12069,10.92,9.738,511,110,38,28
FL,Columbia,12023,10.912,8.224,514,452,39,51
FL,Saint Johns,12109,10.902,8.967,520,245,40,41
FL,Brevard,12009,10.818,10.5,547,50,41,10
FL,Walton,12131,10.758,8.997,562,239,42,40
FL,Monroe,12087,10.722,9.174,574,201,43,36
FL,Jefferson,12065,10.687999999999999,7.55,580,710,44,58
FL,Escambia,12033,10.656,8.897,595,268,45,44
FL,Franklin,12037,10.638000000000002,9.081999999999999,603,219,46,39
FL,Flagler,12035,10.608,8.931000000000001,615,256,47,42
FL,Wakulla,12129,10.45,8.254999999999999,672,444,48,50
FL,DeSoto,12027,10.418000000000001,10.27,683,64,49,19
FL,Taylor,12123,10.378,6.2170000000000005,701,1477,50,64
FL,Clay,12019,10.326,9.126999999999999,718,207,51,37
FL,Seminole,12117,10.285999999999998,9.386,736,151,52,32
FL,Orange,12095,10.234,9.206999999999999,750,191,53,35
FL,Duval,12031,10.18,8.806999999999999,781,286,54,45
FL,Santa Rosa,12113,10.052,8.342,833,417,55,48
FL,Alachua,12001,9.895999999999999,8.312000000000001,899,426,56,49
FL,Baker,12003,9.786,7.952,956,548,57,56
FL,Gulf,12045,9.684000000000001,9.244,1009,183,58,34
FL,Okaloosa,12091,9.629999999999999,8.145,1034,476,59,53
FL,Jackson,12063,9.58,6.839,1051,1088,60,62
FL,Bay,12005,9.325999999999999,8.001999999999999,1175,532,61,55
FL,Washington,12133,9.258000000000001,7.516000000000001,1205,724,62,59
FL,Gadsden,12039,9.126,7.639,1286,676,63,57
FL,Leon,12073,8.856,6.859,1414,1073,64,61
FL,Sumter,12119,7.852000000000001,5.425,1932,1983,65,65
GA,Macon,13193,17.624000000000002,8.998999999999999,14,238,1,30
GA,Pulaski,13235,14.302000000000001,9.094,43,214,2,24
GA,Tattnall,13267,14.160000000000002,8.594,47,343,3,43
GA,Wilkes,13317,13.776666666666666,6.72875,55,1151,4,92
GA,Charlton,13049,13.676666666666668,13.676666666666668,57,5,5,1
GA,Brooks,13027,13.618,7.941,61,553,6,64
GA,Clayton,13063,13.315999999999999,12.408,78,8,7,2
GA,Pierce,13229,13.126,8.263,90,441,8,53
GA,Upson,13293,13.113999999999999,8.477,91,369,9,45
GA,Polk,13233,13.038,9.509,97,135,10,12
GA,Bryan,13029,13.026,8.634,98,334,11,41
GA,Twiggs,13289,12.955,8.082,104,502,12,57
GA,Rabun,13241,12.706,8.439,138,387,13,48
GA,Butts,13035,12.565999999999999,9.805,149,97,14,9
GA,Screven,13251,12.526,7.962999999999999,153,545,15,62
GA,Douglas,13097,12.39,10.177,164,74,16,4
GA,Barrow,13013,12.36,10.892,172,34,17,3
GA,Union,13291,12.338,8.658,175,325,18,38
GA,Greene,13133,12.314,8.843,181,280,19,33
GA,Rockdale,13247,12.238,10.123999999999999,195,78,20,5
GA,Hancock,13141,12.17,8.783,216,290,21,34
GA,Lamar,13171,12.168000000000001,8.844,217,279,22,32
GA,Bleckley,13023,12.104000000000001,6.329,223,1402,23,105
GA,Elbert,13105,12.085999999999999,7.839,228,594,24,67
GA,Liberty,13179,11.962,6.6739999999999995,245,1195,25,95
GA,Oglethorpe,13221,11.946000000000002,9.062000000000001,247,225,26,26
GA,Chatham,13051,11.904,8.634,252,334,27,41
GA,Spalding,13255,11.9,9.262,253,182,28,20
GA,Dooly,13093,11.879999999999999,6.501111111111111,256,1287,29,100
GA,Walton,13297,11.866000000000001,9.690999999999999,261,116,30,11
GA,Fannin,13111,11.852,9.4,262,148,31,14
GA,Hall,13139,11.85,9.440999999999999,264,143,32,13
GA,Pickens,13227,11.808,9.264999999999999,270,179,33,19
GA,Candler,13043,11.786,7.776999999999999,277,623,34,69
GA,Gilmer,13123,11.726,9.386,293,151,35,15
GA,Gwinnett,13135,11.716,9.914,295,94,36,8
GA,Morgan,13211,11.714,8.892,296,272,37,31
GA,Dade,13083,11.712,7.734,297,641,38,70
GA,Cherokee,13057,11.645999999999999,9.791,311,100,39,10
GA,Jenkins,13165,11.623333333333335,8.273333333333333,315,439,40,52
GA,Walker,13295,11.620000000000001,7.868,316,577,41,66
GA,Jackson,13157,11.586,9.379,322,153,42,16
GA,Heard,13149,11.568,8.529,328,359,43,44
GA,Towns,13281,11.56,8.642,330,332,44,40
GA,Lumpkin,13187,11.544,8.746,336,299,45,35
GA,Madison,13195,11.49,9.072,352,221,46,25
GA,Newton,13217,11.47,10.052,360,81,47,6
GA,Paulding,13223,11.464,10.051,361,82,48,7
GA,Bulloch,13031,11.382,7.090999999999999,383,931,49,82
GA,Wilkinson,13319,11.334999999999999,5.357777777777778,394,2019,50,125
GA,Floyd,13115,11.325999999999999,7.979000000000001,397,537,51,60
GA,Bartow,13015,11.322,9.376999999999999,398,154,52,17
GA,White,13311,11.319999999999999,8.742,401,302,53,36
GA,Dawson,13085,11.276,9.2,414,194,54,22
GA,Forsyth,13117,11.262,9.014999999999999,421,237,55,29
GA,Carroll,13045,11.206,9.285,435,174,56,18
GA,Glynn,13127,11.122,8.458,455,376,57,47
GA,Whitfield,13313,11.106,7.962000000000001,458,546,58,63
GA,Clarke,13059,11.1,9.028,463,233,59,27
GA,Oconee,13219,11.078,8.718,472,307,60,37
GA,Effingham,13103,11.065999999999999,7.664,475,667,61,71
GA,Turner,13287,11.065999999999999,6.037000000000001,475,1610,61,109
GA,Putnam,13237,11.012,8.244,489,446,63,54
GA,Henry,13151,10.902000000000001,9.018,519,235,64,28
GA,Cobb,13067,10.878,9.131,528,206,65,23
GA,Catoosa,13047,10.784,7.654999999999999,555,670,66,72
GA,Hart,13147,10.703999999999999,8.233,576,448,67,55
GA,Ben Hill,13017,10.68,6.43,584,1332,68,101
GA,Toombs,13279,10.68,6.983,584,989,68,84
GA,Gordon,13129,10.664,7.983,591,535,70,59
GA,Jasper,13159,10.664,9.239,591,184,70,21
GA,Habersham,13137,10.642,8.646,602,330,72,39
GA,Camden,13039,10.61,7.978999999999999,613,538,73,61
GA,Stephens,13257,10.592,7.616,621,683,74,74
GA,Coffee,13069,10.548,6.422,632,1339,75,102
GA,Troup,13285,10.536,7.059,641,953,76,83
GA,Jefferson,13163,10.5,7.118,651,914,77,81
GA,Ware,13299,10.5,6.934,651,1027,77,85
GA,Baldwin,13009,10.462,7.55,667,710,79,76
GA,Jeff Davis,13161,10.286,6.7,735,1173,80,94
GA,Franklin,13119,10.266,8.364,742,413,81,51
GA,Washington,13303,10.216,6.6,758,1234,82,97
GA,Dodge,13091,10.193999999999999,5.909000000000001,772,1699,83,111
GA,Haralson,13143,10.14,8.459999999999999,795,375,84,46
GA,Richmond,13245,10.094,7.279000000000001,819,819,85,78
GA,Coweta,13077,10.084,8.403,822,402,86,49
GA,Crawford,13079,9.98,6.918000000000001,860,1038,87,86
GA,Peach,13225,9.974,6.415000000000001,864,1345,88,103
GA,Houston,13153,9.966,6.583,868,1246,89,99
GA,McIntosh,13191,9.962,7.604000000000001,871,690,90,75
GA,Thomas,13275,9.931999999999999,6.720999999999999,885,1157,91,93
GA,Fayette,13113,9.924,8.075,889,507,92,58
GA,Pike,13231,9.886,7.641,901,675,93,73
GA,Terrell,13273,9.8,7.215999999999999,951,852,94,79
GA,Appling,13001,9.764,7.9319999999999995,967,557,95,65
GA,Meriwether,13199,9.752,6.866,971,1072,96,90
GA,Cook,13075,9.728,6.912000000000001,984,1041,97,88
GA,Jones,13169,9.718,6.587999999999999,991,1243,98,98
GA,Murray,13213,9.686,7.532000000000001,1007,719,99,77
GA,Banks,13011,9.638,8.388,1030,407,100,50
GA,Berrien,13019,9.632,6.043,1033,1603,101,108
GA,Grady,13131,9.592,5.773999999999999,1047,1783,102,113
GA,Monroe,13207,9.574,6.368,1056,1377,103,104
GA,Crisp,13081,9.516,5.17,1083,2134,104,130
GA,Columbia,13073,9.394,6.638,1147,1211,105,96
GA,Evans,13109,9.37,5.395,1158,2002,106,123
GA,Bibb,13021,9.364,6.093,1160,1572,107,107
GA,Miller,13201,9.195,6.731111111111111,1240,1145,108,91
GA,Lee,13177,9.120000000000001,5.517,1289,1937,109,119
GA,Chattooga,13055,9.116,6.867,1292,1070,110,89
GA,Wayne,13305,9.022,5.595,1327,1897,111,117
GA,Irwin,13155,8.9,6.191,1388,1495,112,106
GA,McDuffie,13189,8.692,5.534000000000001,1500,1929,113,118
GA,Colquitt,13071,8.687999999999999,5.51,1502,1939,114,120
GA,Tift,13277,8.628,5.3740000000000006,1543,2014,115,124
GA,Lowndes,13185,8.575999999999999,5.218999999999999,1577,2104,116,129
GA,Decatur,13087,8.574000000000002,5.6850000000000005,1578,1849,117,115
GA,Fulton,13121,8.498,7.806,1612,610,118,68
GA,Schley,13249,8.493333333333334,3.4250000000000003,1616,2631,119,139
GA,Dougherty,13095,8.428,5.087,1642,2170,120,132
GA,Mitchell,13205,8.4025,4.763333333333333,1652,2297,121,134
GA,Harris,13145,8.331999999999999,5.457,1687,1967,122,121
GA,Montgomery,13209,8.326666666666666,5.1312500000000005,1690,2145,123,131
GA,Emanuel,13107,8.22,5.720000000000001,1743,1820,124,114
GA,Worth,13321,7.946,5.2490000000000006,1894,2082,125,128
GA,Muscogee,13215,7.944,5.044,1896,2182,126,133
GA,DeKalb,13089,7.716000000000001,7.135,1994,904,127,80
GA,Burke,13033,7.636,5.799,2027,1760,128,112
GA,Bacon,13005,7.484,8.232,2078,450,129,56
GA,Taylor,13269,7.476666666666667,3.81,2082,2563,130,137
GA,Talbot,13263,7.369999999999999,5.6288888888888895,2112,1880,131,116
GA,Sumter,13261,7.3260000000000005,4.307,2123,2442,132,135
GA,Laurens,13175,7.186,5.327,2171,2033,133,126
GA,Seminole,13253,7.178,5.422000000000001,2173,1985,134,122
GA,Lincoln,13181,6.88,6.912999999999999,2266,1040,135,87
GA,Brantley,13025,6.714000000000001,5.265000000000001,2308,2070,136,127
GA,Wilcox,13315,6.525,3.5771428571428574,2357,2601,137,138
GA,Marion,13197,5.335,6.011666666666667,2576,1629,138,110
GA,Early,13099,4.136666666666667,4.03625,2693,2506,139,136
HI,Kauai,15007,9.484,7.453,1104,745,1,1
HI,Hawaii,15001,9.434000000000001,7.131,1130,907,2,3
HI,Maui,15009,8.916,7.445,1379,749,3,2
HI,Honolulu,15003,6.096,5.1240000000000006,2453,2149,4,4
IA,Van Buren,19177,19.305,7.968000000000001,5,543,1,2
IA,Pocahontas,19151,13.819999999999999,9.725,53,111,2,1
IA,Adair,19001,11.504,6.723999999999999,349,1154,3,7
IA,Ringgold,19159,11.488,6.278,354,1438,4,18
IA,Lucas,19117,10.164,7.436,784,751,5,4
IA,Sac,19161,10.044,7.168000000000001,838,880,6,5
IA,Decatur,19053,9.604,5.237,1044,2091,7,59
IA,Taylor,19173,9.565999999999999,6.743,1058,1131,8,6
IA,Calhoun,19025,9.334,6.428999999999999,1169,1334,9,12
IA,Harrison,19085,9.204,6.598000000000001,1237,1236,10,9
IA,Appanoose,19007,9.028,6.218,1325,1474,11,22
IA,Montgomery,19137,9.014,6.109,1331,1563,12,25
IA,Clarke,19039,8.884,6.0,1403,1639,13,27
IA,Lyon,19119,8.831999999999999,6.584999999999999,1429,1244,14,10
IA,Davis,19051,8.744,5.614,1474,1887,15,42
IA,Greene,19073,8.67,6.332,1511,1398,16,14
IA,Mahaska,19123,8.66,5.732,1518,1810,17,38
IA,Winneshiek,19191,8.648,5.685,1526,1851,18,40
IA,Dickinson,19059,8.588,5.945,1563,1673,19,29
IA,Guthrie,19077,8.572,6.301,1580,1420,20,15
IA,Adams,19003,8.503333333333332,5.276666666666666,1610,2066,21,58
IA,Pottawattamie,19155,8.466,6.227,1626,1469,22,21
IA,Shelby,19165,8.368,6.154,1663,1531,23,23
IA,Allamakee,19005,8.315999999999999,5.3149999999999995,1696,2040,24,54
IA,Jasper,19099,8.306000000000001,6.1450000000000005,1703,1539,25,24
IA,Page,19145,8.276,5.2780000000000005,1713,2062,26,57
IA,Fremont,19071,8.193999999999999,6.231,1759,1466,27,20
IA,Carroll,19027,8.15,5.7829999999999995,1781,1772,28,33
IA,Grundy,19075,8.03,5.804,1851,1756,29,31
IA,Wapello,19179,8.022,5.233,1858,2097,30,60
IA,Delaware,19055,7.956,5.576,1888,1909,31,44
IA,Clayton,19043,7.9319999999999995,5.345999999999999,1905,2026,32,51
IA,Tama,19171,7.896000000000001,5.526999999999999,1918,1931,33,46
IA,Madison,19121,7.853999999999999,6.631,1931,1216,34,8
IA,Monona,19133,7.831999999999999,5.3149999999999995,1943,2040,35,54
IA,Hancock,19081,7.825999999999999,6.054,1946,1595,36,26
IA,Ida,19093,7.824000000000001,6.514,1947,1280,37,11
IA,Mills,19129,7.824000000000001,6.295,1947,1423,37,16
IA,Woodbury,19193,7.790000000000001,6.2909999999999995,1964,1426,39,17
IA,Wayne,19185,7.725999999999999,5.598999999999999,1989,1895,40,43
IA,Sioux,19167,7.617999999999999,6.255,2032,1451,41,19
IA,Howard,19089,7.616,5.798,2033,1761,42,32
IA,Buena Vista,19021,7.612,5.654000000000001,2034,1867,43,41
IA,Franklin,19069,7.56,6.3950000000000005,2047,1365,44,13
IA,Cherokee,19035,7.484,5.768,2078,1787,45,37
IA,Marshall,19127,7.4799999999999995,5.331,2080,2032,46,53
IA,Worth,19195,7.372,4.804,2110,2280,47,73
IA,Cass,19029,7.364,4.629,2114,2343,48,78
IA,Palo Alto,19147,7.32,4.371,2125,2424,49,86
IA,Cerro Gordo,19033,7.316,5.125,2126,2147,50,62
IA,Chickasaw,19037,7.215999999999999,5.955,2159,1664,51,28
IA,Keokuk,19107,7.214,5.340999999999999,2160,2028,52,52
IA,Crawford,19047,7.192,5.09,2168,2168,53,63
IA,Polk,19153,7.19,5.705,2170,1835,54,39
IA,Marion,19125,7.178,5.889,2173,1710,55,30
IA,Boone,19015,7.17,5.781000000000001,2178,1775,56,34
IA,Winnebago,19189,7.162000000000001,5.458,2182,1966,57,48
IA,Jackson,19097,7.140000000000001,5.357,2185,2021,58,50
IA,Hardin,19083,7.108,5.779999999999999,2198,1776,59,35
IA,Benton,19011,7.103999999999999,4.861,2199,2254,60,69
IA,Obrien,19141,7.102000000000001,5.428,2201,1977,61,49
IA,Warren,19181,7.074,5.539,2212,1926,62,45
IA,Mitchell,19131,6.9879999999999995,5.779999999999999,2233,1776,63,35
IA,Plymouth,19149,6.984,5.470000000000001,2235,1960,64,47
IA,Muscatine,19139,6.926,4.921,2252,2224,65,66
IA,Dubuque,19061,6.924000000000001,4.8759999999999994,2254,2241,66,68
IA,Henry,19087,6.896000000000001,4.816,2262,2275,67,72
IA,Iowa,19095,6.812,4.837000000000001,2286,2268,68,71
IA,Buchanan,19019,6.787999999999999,4.858,2292,2256,69,70
IA,Floyd,19067,6.6579999999999995,4.433,2324,2409,70,84
IA,Emmet,19063,6.632000000000001,4.898000000000001,2331,2234,71,67
IA,Story,19169,6.612,5.063,2336,2177,72,64
IA,Jefferson,19101,6.58,5.011,2344,2194,73,65
IA,Black Hawk,19013,6.556,4.128,2348,2490,74,93
IA,Cedar,19031,6.545999999999999,4.781000000000001,2354,2291,75,75
IA,Jones,19105,6.529999999999999,4.732,2355,2307,76,76
IA,Clinton,19045,6.5,4.461,2362,2399,77,82
IA,Linn,19113,6.496,4.453,2364,2403,78,83
IA,Union,19175,6.49,4.053,2365,2503,79,94
IA,Lee,19111,6.470000000000001,3.5119999999999996,2371,2613,80,99
IA,Dallas,19049,6.438,4.79,2379,2284,81,74
IA,Washington,19183,6.428,5.297,2382,2050,82,56
IA,Scott,19163,6.318,4.4670000000000005,2405,2396,83,81
IA,Butler,19023,6.304,4.225,2410,2468,84,90
IA,Kossuth,19109,6.298,3.997,2414,2512,85,95
IA,Bremer,19017,6.295999999999999,3.974,2416,2519,86,96
IA,Poweshiek,19157,6.106,4.406000000000001,2451,2414,87,85
IA,Des Moines,19057,5.992,4.182,2470,2475,88,91
IA,Johnson,19103,5.65,4.334,2521,2431,89,87
IA,Wright,19197,5.524,4.684,2541,2329,90,77
IA,Webster,19187,5.484,4.553,2545,2368,91,79
IA,Clay,19041,5.343999999999999,4.245,2573,2461,92,89
IA,Osceola,19143,5.2219999999999995,7.715999999999999,2590,649,93,3
IA,Monroe,19135,5.2,4.269,2594,2451,94,88
IA,Hamilton,19079,4.766,4.163,2638,2480,95,92
IA,Fayette,19065,4.754,3.6630000000000003,2640,2584,96,98
IA,Audubon,19009,4.5440000000000005,5.2170000000000005,2663,2105,97,61
IA,Humboldt,19091,4.512,4.513,2666,2380,98,80
IA,Louisa,19115,4.396,3.71,2676,2575,99,97
ID,Custer,16037,18.959999999999997,10.21375,7,69,1,21
ID,Adams,16003,17.63,11.403,13,23,2,10
ID,Lincoln,16063,17.194,13.060999999999998,17,6,3,1
ID,Teton,16081,15.693999999999999,12.953999999999999,21,7,4,2
ID,Boise,16015,14.762,12.284,32,9,5,3
ID,Shoshone,16079,14.673999999999998,11.672,37,19,6,8
ID,Washington,16087,14.319999999999999,11.902,42,15,7,6
ID,Franklin,16041,13.679999999999998,10.520999999999999,56,46,8,17
ID,Valley,16085,13.666,12.114999999999998,58,12,9,5
ID,Bear Lake,16007,13.488,10.201,68,72,10,22
ID,Lemhi,16059,13.394,10.234,74,65,11,20
ID,Fremont,16043,13.344,10.802,75,39,12,14
ID,Oneida,16071,13.059999999999999,10.848,95,37,13,13
ID,Payette,16075,12.8,11.292,125,26,14,12
ID,Elmore,16039,12.786,11.662,127,20,15,9
ID,Bonner,16017,12.762,10.733,131,40,16,15
ID,Power,16077,12.318000000000001,9.399000000000001,180,149,17,31
ID,Lewis,16061,12.25,8.668571428571429,190,321,18,37
ID,Caribou,16029,12.234,9.267999999999999,199,178,19,33
ID,Bannock,16005,12.218,9.498000000000001,205,137,20,28
ID,Idaho,16049,12.036,9.059999999999999,235,227,21,35
ID,Boundary,16021,11.873999999999999,10.512,259,49,22,18
ID,Gooding,16047,11.842,10.04,265,84,23,25
ID,Owyhee,16073,11.767999999999999,12.189,287,11,24,4
ID,Kootenai,16055,11.672,10.715,304,42,25,16
ID,Blaine,16013,11.632000000000001,9.487,313,138,26,29
ID,Twin Falls,16083,11.598,9.764,319,107,27,26
ID,Minidoka,16067,11.484,10.189,355,73,28,23
ID,Jerome,16053,11.428,9.606,371,122,29,27
ID,Bingham,16011,11.326,9.458,396,141,30,30
ID,Cassia,16031,11.322,8.939,398,251,31,36
ID,Canyon,16027,11.256,11.862,423,16,32,7
ID,Gem,16045,11.192,11.32,438,25,33,11
ID,Bonneville,16019,11.164,10.049,442,83,34,24
ID,Nez Perce,16069,10.902,7.906000000000001,520,565,35,42
ID,Clearwater,16035,10.784,8.657,555,326,36,38
ID,Latah,16057,10.73,8.418,569,398,37,40
ID,Benewah,16009,10.602,8.421000000000001,616,396,38,39
ID,Madison,16065,10.582,8.303,625,431,39,41
ID,Ada,16001,9.872,10.295,906,61,40,19
ID,Jefferson,16051,9.414,9.277,1141,175,41,32
ID,Butte,16023,9.298,9.233,1187,185,42,34
IL,Winnebago,17201,9.806000000000001,6.669,944,1196,1,1
IL,Johnson,17087,9.18,5.412999999999999,1249,1991,2,10
IL,McHenry,17111,8.812000000000001,6.372999999999999,1441,1374,3,2
IL,Bond,17005,8.616,4.958,1551,2216,4,18
IL,McLean,17113,8.562,4.512,1586,2381,5,37
IL,Clark,17023,8.468,5.438000000000001,1625,1971,6,9
IL,Boone,17007,8.431999999999999,6.197,1639,1491,7,4
IL,Kane,17089,8.384,6.103,1658,1566,8,5
IL,Marion,17121,8.318,5.167,1695,2135,9,14
IL,Kendall,17093,8.262,6.26,1720,1448,10,3
IL,DeKalb,17037,8.236,6.016,1735,1623,11,6
IL,Will,17197,8.216,5.9159999999999995,1746,1688,12,7
IL,Wayne,17191,8.197999999999999,4.307,1754,2442,13,48
IL,Iroquois,17075,8.174000000000001,4.821,1770,2273,14,21
IL,Saint Clair,17163,8.128,5.179,1795,2128,15,13
IL,Jefferson,17081,8.092,4.638,1818,2341,16,35
IL,Coles,17029,8.075999999999999,4.336,1828,2430,17,44
IL,Stephenson,17177,7.938,4.757,1900,2300,18,29
IL,Livingston,17105,7.92,4.737,1911,2305,19,30
IL,Montgomery,17135,7.87,5.046,1926,2181,20,16
IL,Hamilton,17065,7.85,5.844285714285715,1934,1739,21,8
IL,Carroll,17015,7.837999999999999,4.229,1940,2467,22,51
IL,Kankakee,17091,7.8340000000000005,5.203,1942,2114,23,12
IL,Dewitt,17039,7.792,4.521,1960,2379,24,36
IL,Lake,17097,7.7700000000000005,4.9079999999999995,1970,2230,25,19
IL,Ford,17053,7.7379999999999995,4.786,1980,2288,26,26
IL,Ogle,17141,7.68,5.246,2009,2085,27,11
IL,Shelby,17173,7.662000000000001,4.368,2017,2425,28,43
IL,Champaign,17019,7.624,4.664,2028,2338,29,34
IL,Piatt,17147,7.508,4.693,2068,2324,30,33
IL,Lee,17103,7.4159999999999995,4.731,2090,2308,31,31
IL,Franklin,17055,7.386,4.8149999999999995,2104,2276,32,22
IL,Williamson,17199,7.378,4.2090000000000005,2106,2470,33,52
IL,Clinton,17027,7.312,4.706,2127,2318,34,32
IL,Monroe,17133,7.2620000000000005,5.054,2145,2180,35,15
IL,Cumberland,17035,7.196000000000001,4.426,2165,2411,36,41
IL,Saline,17165,7.194,3.696,2166,2579,37,71
IL,La Salle,17099,7.184,4.9079999999999995,2172,2230,38,19
IL,Lawrence,17101,7.140000000000001,4.769,2185,2294,39,27
IL,Moultrie,17139,7.1,4.273000000000001,2203,2450,40,50
IL,Douglas,17041,7.087999999999999,4.447,2207,2406,41,39
IL,Madison,17119,7.087999999999999,4.788,2207,2285,41,25
IL,Effingham,17049,7.0600000000000005,4.797,2215,2282,43,24
IL,Macon,17115,7.0,4.012,2231,2511,44,57
IL,Fayette,17051,6.9719999999999995,4.311,2239,2438,45,46
IL,DuPage,17043,6.903999999999999,4.807,2260,2279,46,23
IL,Peoria,17143,6.884,3.3259999999999996,2263,2642,47,78
IL,Woodford,17203,6.806,3.624,2287,2589,48,73
IL,Grundy,17063,6.768000000000001,4.976999999999999,2295,2208,49,17
IL,Putnam,17155,6.766,3.957,2296,2525,50,62
IL,Jo Daviess,17085,6.724000000000001,4.3870000000000005,2304,2417,51,42
IL,Mason,17125,6.7219999999999995,4.3100000000000005,2305,2440,52,47
IL,Bureau,17011,6.720000000000001,4.471,2307,2394,53,38
IL,Vermilion,17183,6.706,4.331,2313,2432,54,45
IL,Rock Island,17161,6.644,4.184,2327,2474,55,53
IL,Wabash,17185,6.638,3.868,2328,2547,56,65
IL,Sangamon,17167,6.606,3.9840000000000004,2338,2514,57,58
IL,Whiteside,17195,6.590000000000001,4.279999999999999,2342,2448,58,49
IL,Clay,17025,6.553999999999999,3.5209999999999995,2351,2609,59,75
IL,Perry,17145,6.444,3.8369999999999997,2376,2555,60,66
IL,Tazewell,17179,6.362,3.2600000000000002,2394,2649,61,81
IL,Washington,17189,6.354,3.711,2398,2574,62,70
IL,Knox,17095,6.306,3.821,2409,2561,63,69
IL,Adams,17001,6.298,4.082,2414,2497,64,54
IL,Cook,17031,6.286,4.764,2418,2296,65,28
IL,Jersey,17083,6.282,3.982,2419,2516,66,59
IL,Richland,17159,6.144,3.9209999999999994,2441,2537,67,64
IL,Pike,17149,6.136,4.431,2444,2410,68,40
IL,Edgar,17045,6.082,3.964,2457,2523,69,61
IL,Macoupin,17117,6.042,3.9490000000000003,2461,2527,70,63
IL,Henry,17073,5.994,3.8259999999999996,2468,2559,71,68
IL,Jasper,17079,5.9366666666666665,3.25875,2481,2651,72,82
IL,Morgan,17137,5.92,3.595,2484,2594,73,74
IL,Greene,17061,5.898,3.118,2487,2668,74,85
IL,Logan,17107,5.8740000000000006,3.8329999999999997,2493,2558,75,67
IL,Scott,17171,5.8066666666666675,3.49,2502,2619,76,76
IL,Hancock,17067,5.804,3.1630000000000003,2504,2660,77,83
IL,McDonough,17109,5.754,2.43,2509,2730,78,94
IL,Jackson,17077,5.644,2.792,2523,2704,79,89
IL,Menard,17129,5.568,3.9810000000000003,2535,2517,80,60
IL,Massac,17127,5.526000000000001,2.899,2540,2693,81,87
IL,Marshall,17123,5.438,4.069,2552,2501,82,55
IL,Brown,17009,5.406000000000001,3.489,2556,2620,83,77
IL,Mercer,17131,5.380000000000001,3.6450000000000005,2558,2587,84,72
IL,Christian,17021,5.358,4.015,2563,2510,85,56
IL,Warren,17187,5.17,2.8619999999999997,2597,2695,86,88
IL,White,17193,5.15,3.289,2600,2647,87,79
IL,Gallatin,17059,4.998,3.043,2614,2678,88,86
IL,Randolph,17157,4.8420000000000005,3.1260000000000003,2628,2667,89,84
IL,Union,17181,4.674,2.585,2651,2715,90,92
IL,Cass,17017,4.664,3.271,2654,2648,91,80
IL,Fulton,17057,4.3420000000000005,2.696,2682,2712,92,91
IL,Crawford,17033,4.016,2.745,2701,2709,93,90
IL,Stark,17175,3.8499999999999996,2.1475,2714,2745,94,95
IL,Henderson,17071,3.785,0.43571428571428583,2718,2782,95,97
IL,Schuyler,17169,2.733333333333333,2.56,2751,2720,96,93
IL,Edwards,17047,-0.25,0.45749999999999996,2781,2781,97,96
IN,Ohio,18115,12.882,8.206999999999999,115,460,1,2
IN,Blackford,18009,11.834,7.406999999999999,267,762,2,12
IN,Clinton,18023,11.440000000000001,8.061,366,510,3,4
IN,Allen,18003,11.244,8.528,428,360,4,1
IN,Crawford,18025,11.028,8.089,484,499,5,3
IN,Clay,18021,10.978,7.122,497,912,6,23
IN,Pulaski,18131,10.918000000000001,7.6,512,691,7,7
IN,Lagrange,18087,10.746,7.968999999999999,564,542,8,5
IN,Parke,18121,10.724,6.743,573,1131,9,49
IN,Cass,18017,10.562000000000001,7.391,627,767,10,13
IN,Fayette,18041,10.123999999999999,6.253,805,1453,11,67
IN,Huntington,18069,10.09,6.8,820,1107,12,46
IN,St Joseph,18141,9.964,7.5040000000000004,869,727,13,11
IN,Tipton,18159,9.962,6.956,871,1007,14,35
IN,Benton,18007,9.937999999999999,6.964,882,1000,15,33
IN,Tippecanoe,18157,9.934000000000001,7.520999999999999,884,723,16,10
IN,Orange,18117,9.836,7.609999999999999,929,686,17,6
IN,White,18181,9.814,6.867,942,1070,18,44
IN,Starke,18149,9.726,7.176,985,875,19,21
IN,Greene,18055,9.724,6.779999999999999,988,1116,20,47
IN,Decatur,18031,9.709999999999999,6.726000000000001,997,1152,21,50
IN,Fulton,18049,9.706,6.858,1001,1076,22,45
IN,Madison,18095,9.7,7.595999999999999,1003,695,23,8
IN,Boone,18011,9.676,7.263,1013,826,24,18
IN,Carroll,18015,9.553999999999998,7.575,1066,703,25,9
IN,Noble,18113,9.534,7.196000000000001,1075,863,26,20
IN,Hamilton,18057,9.53,7.331999999999999,1076,796,27,15
IN,Putnam,18133,9.528,6.937,1078,1024,28,38
IN,Howard,18067,9.518,6.911,1081,1042,29,41
IN,Henry,18065,9.512,7.3180000000000005,1084,801,30,16
IN,Wells,18179,9.49,6.964,1099,1000,31,33
IN,Washington,18175,9.447999999999999,7.084999999999999,1126,941,32,24
IN,Whitley,18183,9.41,7.020999999999999,1143,967,33,26
IN,Grant,18053,9.4,6.019,1145,1618,34,72
IN,Lawrence,18093,9.394,7.172,1147,878,35,22
IN,Dearborn,18029,9.379999999999999,6.667999999999999,1153,1199,36,53
IN,Fountain,18045,9.336,6.946000000000001,1168,1017,37,37
IN,Adams,18001,9.330000000000002,6.718000000000001,1172,1160,38,51
IN,Johnson,18081,9.324,7.359,1176,781,39,14
IN,Jefferson,18077,9.309999999999999,6.758,1180,1125,40,48
IN,Jennings,18079,9.309999999999999,6.975,1180,992,40,32
IN,DeKalb,18033,9.203999999999999,6.953,1238,1010,42,36
IN,Morgan,18109,9.192,7.007000000000001,1242,972,43,27
IN,Hendricks,18063,9.187999999999999,7.064,1246,950,44,25
IN,Brown,18013,9.161999999999999,7.208,1261,855,45,19
IN,Randolph,18135,9.16,6.891,1262,1055,46,43
IN,Miami,18103,9.148,6.981,1270,990,47,31
IN,Owen,18119,9.112,6.497,1295,1290,48,60
IN,Delaware,18035,9.082,6.2620000000000005,1306,1447,49,66
IN,Steuben,18151,9.022,6.987,1327,984,50,30
IN,Shelby,18145,8.968,6.898999999999999,1349,1049,51,42
IN,La Porte,18091,8.912,6.590999999999999,1383,1239,52,57
IN,Wabash,18169,8.911999999999999,6.509,1385,1282,53,59
IN,Hancock,18059,8.9,6.925999999999999,1388,1034,54,39
IN,Clark,18019,8.844,6.995,1420,975,55,29
IN,Montgomery,18107,8.822,6.9239999999999995,1433,1035,56,40
IN,Spencer,18147,8.794,5.92,1452,1684,57,75
IN,Scott,18143,8.681999999999999,6.627,1507,1218,58,56
IN,Floyd,18043,8.638,6.640000000000001,1530,1209,59,54
IN,Marion,18097,8.628,7.314,1543,806,60,17
IN,Elkhart,18039,8.594,7.007000000000001,1559,972,61,27
IN,Bartholomew,18005,8.554,6.29,1587,1427,62,65
IN,Kosciusko,18085,8.48,6.566,1621,1256,63,58
IN,Harrison,18061,8.368,6.6370000000000005,1663,1212,64,55
IN,Lake,18089,8.338,6.174,1685,1513,65,68
IN,Marshall,18099,8.32,6.117,1693,1555,66,69
IN,Vigo,18167,8.309999999999999,5.727,1702,1814,67,80
IN,Porter,18127,8.302,6.004,1705,1636,68,74
IN,Daviess,18027,8.248000000000001,6.4030000000000005,1727,1358,69,62
IN,Franklin,18047,8.196,6.013,1756,1626,70,73
IN,Newton,18111,8.187999999999999,6.08,1764,1578,71,70
IN,Ripley,18137,8.174000000000001,5.756,1770,1793,72,79
IN,Rush,18139,8.172,6.327,1773,1404,73,64
IN,Gibson,18051,8.168000000000001,6.074,1775,1584,74,71
IN,Warren,18171,8.126,6.455,1799,1313,75,61
IN,Jackson,18071,8.072,6.3469999999999995,1832,1390,76,63
IN,Monroe,18105,8.028,6.703,1853,1169,77,52
IN,Sullivan,18153,7.942,4.954,1897,2219,78,88
IN,Vanderburgh,18163,7.9319999999999995,5.859,1905,1733,79,76
IN,Warrick,18173,7.890000000000001,5.766,1920,1788,80,78
IN,Jasper,18073,7.818,5.806,1953,1755,81,77
IN,Wayne,18177,7.7780000000000005,5.386,1966,2005,82,84
IN,Knox,18083,7.502000000000001,4.91,2075,2229,83,89
IN,Switzerland,18155,7.476000000000001,4.561,2083,2363,84,91
IN,Martin,18101,7.328,3.7880000000000003,2122,2565,85,92
IN,Perry,18123,7.302000000000001,5.493,2133,1946,86,82
IN,Posey,18129,7.1739999999999995,5.244,2176,2087,87,85
IN,Vermillion,18165,7.075999999999999,5.206,2211,2113,88,86
IN,Union,18161,6.970000000000001,5.428,2241,1977,89,83
IN,Dubois,18037,6.965999999999999,5.022,2243,2191,90,87
IN,Jay,18075,6.9079999999999995,5.691000000000001,2257,1844,91,81
IN,Pike,18125,6.548,4.708,2353,2317,92,90
KS,Anderson,20003,13.416,8.11,71,489,1,4
KS,Nemaha,20131,12.874,8.866,116,274,2,3
KS,Cheyenne,20023,12.486666666666666,6.2525,156,1456,3,19
KS,Linn,20107,11.596,8.893,320,271,4,2
KS,Atchison,20005,11.15,6.934,446,1027,5,11
KS,Wyandotte,20209,10.97,8.911,499,263,6,1
KS,Osage,20139,10.668,7.263,589,826,7,7
KS,Cherokee,20021,10.54,5.975,639,1654,8,25
KS,Sherman,20181,10.25,7.093000000000001,743,929,9,9
KS,Cloud,20029,10.212,6.323,760,1408,10,17
KS,Pawnee,20145,9.825999999999999,5.162000000000001,935,2136,11,40
KS,Coffey,20031,9.806000000000001,6.688,944,1179,12,13
KS,Ford,20057,9.796,6.358,953,1384,13,15
KS,Harper,20077,9.575999999999999,6.98875,1053,982,14,10
KS,Doniphan,20043,9.492,5.281000000000001,1098,2060,15,38
KS,Labette,20099,9.466,4.542,1111,2373,16,48
KS,Rice,20159,9.4,5.795,1145,1763,17,29
KS,Haskell,20081,9.156666666666666,4.8325,1266,2270,18,44
KS,Ellsworth,20053,9.086,5.731,1302,1812,19,30
KS,Leavenworth,20103,9.046,6.906000000000001,1317,1045,20,12
KS,Jackson,20085,8.986,6.017,1338,1621,21,22
KS,Miami,20121,8.966,7.195,1353,866,22,8
KS,Sedgwick,20173,8.916,6.3100000000000005,1379,1416,23,18
KS,Morris,20127,8.906666666666666,5.829999999999999,1386,1741,24,28
KS,Shawnee,20177,8.894,5.932,1395,1678,25,27
KS,Franklin,20059,8.884,7.465000000000001,1403,742,26,5
KS,Clay,20027,8.854,4.503,1416,2383,27,49
KS,Johnson,20091,8.746,7.375,1471,775,28,6
KS,Butler,20015,8.745999999999999,6.018,1472,1619,29,21
KS,Crawford,20037,8.704,5.406000000000001,1493,1996,30,34
KS,Marion,20115,8.682,5.48,1506,1953,31,31
KS,Thomas,20193,8.614,5.122,1552,2152,32,42
KS,Rooks,20163,8.495000000000001,3.5,1613,2616,33,64
KS,Jefferson,20087,8.47,6.537999999999999,1624,1268,34,14
KS,Cowley,20035,8.352,5.309,1675,2044,35,37
KS,Gray,20069,8.256666666666666,6.016249999999999,1722,1622,36,23
KS,Lyon,20111,8.228,6.356,1741,1386,37,16
KS,Ottawa,20143,8.209999999999999,4.234,1751,2464,38,54
KS,Douglas,20045,8.108,5.970000000000001,1812,1656,39,26
KS,Kingman,20095,8.088,6.013,1820,1626,40,24
KS,Sumner,20191,7.910000000000001,6.051,1912,1598,41,20
KS,Harvey,20079,7.7620000000000005,5.336,1973,2031,42,36
KS,Kearny,20093,7.721999999999999,5.449999999999999,1992,1968,43,33
KS,Geary,20061,7.694,4.043,2004,2505,44,56
KS,Scott,20171,7.45,5.479,2088,1956,45,32
KS,Reno,20155,7.303999999999999,4.575,2131,2357,46,47
KS,Pratt,20151,7.008000000000001,3.9490000000000003,2228,2527,47,57
KS,Trego,20195,6.93,2.835714285714286,2250,2697,48,69
KS,Montgomery,20125,6.922,3.94,2255,2532,49,58
KS,Marshall,20117,6.835,5.1322222222222225,2279,2144,50,41
KS,Barton,20009,6.802000000000001,3.931,2289,2535,51,59
KS,Finney,20055,6.7219999999999995,5.3469999999999995,2305,2024,52,35
KS,Saline,20169,6.556,4.686,2348,2325,53,46
KS,Brown,20013,6.514,5.1770000000000005,2358,2129,54,39
KS,Logan,20109,6.446666666666666,4.4975,2375,2384,55,50
KS,Pottawatomie,20149,6.4319999999999995,4.856,2381,2258,56,43
KS,Ellis,20051,6.252000000000001,3.603,2427,2593,57,62
KS,Dickinson,20041,6.24,3.582,2431,2596,58,63
KS,Stevens,20189,6.176,2.933,2435,2688,59,67
KS,Bourbon,20011,6.1579999999999995,4.243,2438,2462,60,53
KS,Riley,20161,6.14,3.868,2442,2547,61,61
KS,Neosho,20133,5.998,3.87,2467,2546,62,60
KS,Allen,20001,5.994,4.258,2468,2456,63,52
KS,Russell,20167,5.7675,4.478888888888889,2507,2391,64,51
KS,Wabaunsee,20197,5.558,4.755999999999999,2537,2301,65,45
KS,McPherson,20113,5.2620000000000005,4.076,2585,2499,66,55
KS,Seward,20175,4.712,2.585,2645,2715,67,71
KS,Meade,20119,4.065,3.181111111111111,2698,2657,68,66
KS,Grant,20067,4.004,2.5989999999999998,2704,2714,69,70
KS,Mitchell,20123,3.91,2.9219999999999997,2711,2690,70,68
KS,Wichita,20203,1.5750000000000002,3.2120000000000006,2767,2656,71,65
KS,Rush,20165,0.71,2.36,2780,2735,72,72
KS,Barber,20007,-0.6133333333333333,1.8349999999999995,2783,2759,73,73
KY,Nicholas,21181,15.613333333333335,9.04125,22,230,1,2
KY,Crittenden,21055,15.482,7.805,24,613,2,7
KY,Green,21087,14.92,8.692499999999999,31,312,3,3
KY,Rockcastle,21203,14.366666666666665,7.119999999999999,41,913,4,17
KY,Fleming,21069,14.166666666666666,6.905,46,1046,5,24
KY,Clay,21051,12.899999999999999,4.732857142857142,113,2306,6,92
KY,Butler,21031,12.6575,8.454444444444444,143,381,7,4
KY,Adair,21001,11.774,8.436,281,389,8,5
KY,Caldwell,21033,11.692,7.894,300,570,9,6
KY,Cumberland,21057,11.3675,5.775555555555555,388,1781,10,72
KY,Taylor,21217,11.309999999999999,7.695,406,656,11,8
KY,Livingston,21139,11.242,6.893000000000001,429,1053,12,25
KY,Estill,21065,10.956,7.257,501,829,13,12
KY,Monroe,21171,10.916,5.914,513,1691,14,66
KY,Mercer,21167,10.9,7.571,522,704,15,9
KY,Powell,21197,10.870000000000001,6.7379999999999995,529,1139,16,34
KY,Hart,21099,10.702,6.790000000000001,577,1111,17,30
KY,Logan,21141,10.687999999999999,7.25,580,832,18,13
KY,Allen,21003,10.638,7.392,604,766,19,10
KY,Fulton,21075,10.459999999999999,14.264999999999999,668,4,20,1
KY,Christian,21047,10.443999999999999,6.322,675,1409,21,53
KY,Barren,21009,10.204,6.764,764,1122,22,31
KY,Knox,21121,10.19,6.324,776,1407,23,52
KY,Montgomery,21173,10.139999999999999,6.731,797,1146,24,35
KY,Pulaski,21199,10.136,6.355,798,1387,25,48
KY,Wayne,21231,10.134,6.739999999999999,800,1137,26,33
KY,Larue,21123,10.128,6.602000000000001,803,1230,27,38
KY,Franklin,21073,10.120000000000001,6.825,806,1095,28,29
KY,Lincoln,21137,10.110000000000001,6.874,812,1065,29,26
KY,Trigg,21221,9.98,6.289,860,1428,30,55
KY,Metcalfe,21169,9.862,6.068,912,1587,31,62
KY,Russell,21207,9.806000000000001,6.742,944,1133,32,32
KY,Simpson,21213,9.806000000000001,7.225,944,849,32,15
KY,Jessamine,21113,9.778,6.92,960,1036,34,23
KY,Todd,21219,9.76,7.1370000000000005,968,899,35,16
KY,Boyle,21021,9.745999999999999,6.516,977,1279,36,41
KY,Garrard,21079,9.674,7.098999999999999,1014,927,37,19
KY,Hardin,21093,9.644,6.327,1029,1404,38,51
KY,Grant,21081,9.578,7.117999999999999,1052,915,39,18
KY,Pendleton,21191,9.542,6.3469999999999995,1069,1390,40,49
KY,Lyon,21143,9.512,6.484,1084,1298,41,42
KY,Woodford,21239,9.346,6.989,1167,979,42,22
KY,Fayette,21067,9.324,7.032000000000001,1176,957,43,21
KY,Campbell,21037,9.258,7.096000000000001,1206,928,44,20
KY,Scott,21209,9.208000000000002,6.7219999999999995,1232,1156,45,36
KY,Kenton,21117,9.168,6.8549999999999995,1255,1083,46,27
KY,Clark,21049,9.146,6.305000000000001,1274,1418,47,54
KY,Washington,21229,9.144,6.8340000000000005,1276,1091,48,28
KY,Madison,21151,9.14,6.331,1277,1399,49,50
KY,Anderson,21005,9.126000000000001,6.448,1285,1318,50,44
KY,Gallatin,21077,9.106,7.35,1297,787,51,11
KY,Bourbon,21017,9.068,6.357,1307,1385,52,47
KY,Nelson,21179,9.022,6.678999999999999,1327,1192,53,37
KY,Bracken,21023,8.9,5.538,1388,1927,54,79
KY,Meade,21163,8.814,6.095000000000001,1437,1571,55,60
KY,Whitley,21235,8.814,5.569,1437,1916,55,77
KY,Boone,21015,8.798,6.566,1448,1256,57,40
KY,Marion,21155,8.780000000000001,6.202,1458,1488,58,59
KY,Spencer,21215,8.776,6.363,1462,1379,59,46
KY,Rowan,21205,8.745999999999999,4.939,1472,2221,60,85
KY,Hopkins,21107,8.742,5.591,1476,1900,61,76
KY,Grayson,21085,8.664,6.005,1514,1635,62,63
KY,Laurel,21125,8.66,5.497999999999999,1518,1944,63,80
KY,Clinton,21053,8.635000000000002,4.884,1536,2238,64,87
KY,Webster,21233,8.622,5.851,1546,1735,65,70
KY,Calloway,21035,8.538,5.789,1592,1767,66,71
KY,Mason,21161,8.45,4.8469999999999995,1632,2262,67,89
KY,Henry,21103,8.368,6.447,1663,1321,68,45
KY,Marshall,21157,8.314,5.263,1697,2075,69,82
KY,Harrison,21097,8.297999999999998,5.914,1708,1691,70,66
KY,Henderson,21101,8.254,5.643,1724,1874,71,75
KY,Edmonson,21061,8.218,6.595000000000001,1745,1237,72,39
KY,Shelby,21211,8.202,6.459999999999999,1752,1310,73,43
KY,Bullitt,21029,8.184000000000001,6.269,1765,1441,74,56
KY,Harlan,21095,8.120000000000001,2.995714285714286,1803,2684,75,102
KY,Hancock,21091,8.102,5.862,1814,1731,76,69
KY,Owen,21187,8.0975,7.2266666666666675,1817,848,77,14
KY,Bell,21013,8.09,4.053,1819,2503,78,98
KY,Warren,21227,8.059999999999999,6.252,1840,1457,79,57
KY,Carroll,21041,8.036,6.24,1847,1463,80,58
KY,Breckinridge,21027,8.011999999999999,5.744999999999999,1862,1801,81,73
KY,Daviess,21059,7.998,5.964,1867,1659,82,64
KY,Union,21225,7.970000000000001,5.427,1878,1981,83,81
KY,Oldham,21185,7.897999999999999,5.958,1917,1663,84,65
KY,McCracken,21145,7.8,4.958,1958,2216,85,84
KY,Graves,21083,7.724000000000001,5.253,1990,2080,86,83
KY,Ballard,21007,7.675999999999999,4.694999999999999,2012,2321,87,93
KY,Muhlenberg,21177,7.601999999999999,4.537,2036,2376,88,95
KY,Morgan,21175,7.586666666666667,4.84,2041,2264,89,90
KY,Jefferson,21111,7.5120000000000005,6.07,2064,1585,90,61
KY,Greenup,21089,7.403999999999999,4.507,2095,2382,91,96
KY,Bath,21011,7.2299999999999995,4.926,2154,2223,92,86
KY,McCreary,21147,7.0425,5.911111111111111,2218,1695,93,68
KY,Ohio,21183,7.024000000000001,5.737,2222,1807,94,74
KY,McLean,21149,6.713333333333334,5.56375,2309,1918,95,78
KY,Floyd,21071,6.244,3.372,2428,2634,96,101
KY,Lawrence,21127,6.136,4.257,2444,2457,97,97
KY,Jackson,21109,6.015,3.75,2465,2569,98,100
KY,Trimble,21223,5.952,4.63,2478,2342,99,94
KY,Boyd,21019,5.862,3.757,2495,2568,100,99
KY,Carter,21043,5.578,4.76,2533,2299,101,91
KY,Pike,21195,5.356,2.749,2567,2708,102,103
KY,Casey,21045,5.2379999999999995,4.883,2588,2239,103,88
KY,Johnson,21115,4.732,2.3760000000000003,2644,2733,104,104
KY,Perry,21193,4.256666666666667,1.9437499999999999,2686,2756,105,105
KY,Letcher,21133,4.206666666666666,1.7062499999999998,2690,2763,106,106
KY,Knott,21119,2.025,1.022857142857143,2762,2775,107,107
KY,Hickman,21105,,-1.4249999999999998,,2786,,108
LA,Evangeline,22039,8.244,4.787999999999999,1732,2286,1,4
LA,Saint Helena,22091,7.8025,6.433333333333333,1956,1330,2,1
LA,Jackson,22049,6.442,4.694,2378,2322,3,5
LA,West Carroll,22123,6.275,5.844444444444445,2422,1738,4,2
LA,Tangipahoa,22105,6.273999999999999,4.326,2423,2433,5,6
LA,LaSalle Parish,22059,5.96,3.5170000000000003,2476,2612,6,24
LA,Natchitoches,22069,5.936,3.836,2482,2556,7,14
LA,Saint Tammany,22103,5.828,4.301,2500,2444,8,7
LA,Bossier,22015,5.49,3.529,2543,2607,9,22
LA,Washington,22117,5.444,3.5189999999999997,2550,2611,10,23
LA,Saint Bernard,22087,5.4079999999999995,5.577,2555,1907,11,3
LA,Vernon,22115,5.336,3.342,2575,2639,12,28
LA,West Feliciana,22125,5.304,4.218999999999999,2579,2469,13,9
LA,Livingston,22063,5.252000000000001,3.947,2586,2530,14,12
LA,Saint Martin,22099,5.252,3.3409999999999997,2587,2640,15,29
LA,Grant,22043,5.2219999999999995,3.656,2590,2586,16,17
LA,Ascension,22005,5.194,3.97,2596,2520,17,11
LA,Allen,22003,5.12,4.143,2602,2487,18,10
LA,Pointe Coupee,22077,4.974,3.7090000000000005,2617,2576,19,16
LA,Union,22111,4.93,3.886,2620,2544,20,13
LA,Caldwell,22021,4.863333333333333,1.96,2625,2755,21,57
LA,Cameron,22023,4.8566666666666665,2.56375,2626,2718,22,51
LA,Richland,22083,4.804,3.3329999999999997,2632,2641,23,30
LA,Saint Landry,22097,4.752,2.957,2641,2686,24,40
LA,Sabine,22085,4.748,3.245,2642,2653,25,32
LA,West Baton Rouge,22121,4.7059999999999995,3.307,2647,2645,26,31
LA,Bienville,22013,4.6000000000000005,3.09125,2658,2674,27,37
LA,Avoyelles,22009,4.550000000000001,3.3549999999999995,2662,2638,28,27
LA,Lincoln,22061,4.51,3.582,2667,2596,29,20
LA,Lafayette,22055,4.470000000000001,2.8120000000000003,2671,2701,30,43
LA,Rapides,22079,4.462,3.147,2674,2662,31,35
LA,Jefferson,22051,4.386,4.29,2677,2446,32,8
LA,Saint Charles,22089,4.382,3.7399999999999998,2678,2571,33,15
LA,De Soto,22031,4.302,2.783,2683,2705,34,46
LA,Assumption,22007,4.286,2.801,2684,2702,35,44
LA,St John the Baptist,22095,4.279999999999999,3.498,2685,2617,36,25
LA,Caddo,22017,4.244,2.6100000000000003,2687,2713,37,49
LA,Ouachita,22073,4.215999999999999,3.0149999999999997,2689,2681,38,39
LA,Webster,22119,4.206,2.797,2691,2703,39,45
LA,Claiborne,22027,4.1175,3.3555555555555556,2694,2637,40,26
LA,Lafourche,22057,4.012,2.775,2703,2706,41,47
LA,Beauregard,22011,3.9979999999999998,3.167,2705,2659,42,33
LA,East Baton Rouge,22033,3.9579999999999997,3.6129999999999995,2709,2591,43,19
LA,Iberville,22047,3.8980000000000006,2.758,2712,2707,44,48
LA,Saint Mary,22101,3.7920000000000003,2.207,2717,2743,45,55
LA,Iberia,22045,3.758,2.444,2721,2729,46,53
LA,Concordia,22029,3.7159999999999997,2.888,2725,2694,47,42
LA,Jefferson Davis,22053,3.6879999999999997,3.161,2726,2661,48,34
LA,Saint James,22093,3.684,3.098,2727,2672,49,36
LA,Plaquemines,22075,3.6019999999999994,2.582,2730,2717,50,50
LA,Madison,22065,3.5033333333333334,2.9262499999999996,2731,2689,51,41
LA,East Feliciana,22037,3.4760000000000004,3.6149999999999998,2734,2590,52,18
LA,Vermilion,22113,3.2359999999999998,2.481,2737,2724,53,52
LA,Catahoula,22025,3.135,1.4814285714285715,2740,2769,54,60
LA,Terrebonne,22109,2.962,1.919,2743,2758,55,58
LA,Orleans,22071,2.896,3.537,2746,2606,56,21
LA,Calcasieu,22019,2.782,3.0620000000000003,2749,2677,57,38
LA,Acadia,22001,2.3299999999999996,2.221,2757,2742,58,54
LA,Morehouse,22067,1.8419999999999999,1.674,2764,2765,59,59
LA,Winn,22127,1.5399999999999998,2.15625,2769,2744,60,56
LA,Franklin,22041,-1.052,0.14100000000000001,2785,2783,61,61
MA,Dukes,25007,12.95,9.548,105,133,1,1
MA,Barnstable,25001,11.026,7.667,486,666,2,2
MA,Berkshire,25003,10.428,6.375,681,1373,3,8
MA,Worcester,25027,9.386,6.944,1152,1019,4,3
MA,Bristol,25005,8.892,6.703,1397,1169,5,6
MA,Plymouth,25023,8.826,6.87,1431,1067,6,4
MA,Hampden,25013,8.802,6.041,1445,1606,7,11
MA,Franklin,25011,8.629999999999999,5.827,1540,1746,8,12
MA,Hampshire,25015,8.322,5.611,1691,1890,9,14
MA,Essex,25009,8.114,6.681,1808,1189,10,7
MA,Norfolk,25021,7.6659999999999995,6.162000000000001,2016,1522,11,10
MA,Middlesex,25017,7.540000000000001,6.287,2056,1431,12,9
MA,Suffolk,25025,6.138,6.83,2443,1093,13,5
MA,Nantucket,25019,-0.8199999999999998,5.782857142857144,2784,1774,14,13
MD,Worcester,24047,10.41,7.065,687,949,1,1
MD,Garrett,24023,10.394,6.2989999999999995,694,1421,2,4
MD,Dorchester,24019,9.864,6.975,910,992,3,2
MD,Wicomico,24045,9.422,6.426,1135,1336,4,3
MD,Kent,24029,9.214,5.996,1228,1643,5,7
MD,Washington,24043,8.762,6.002000000000001,1465,1638,6,6
MD,Somerset,24039,8.718,4.971,1488,2210,7,15
MD,Caroline,24011,8.602,5.896,1557,1707,8,8
MD,Frederick,24021,8.181999999999999,5.575,1767,1911,9,9
MD,Allegany,24001,8.026,4.587999999999999,1854,2353,10,19
MD,Queen Annes,24035,7.9879999999999995,5.327,1872,2033,11,10
MD,Cecil,24015,7.947999999999999,5.154,1892,2140,12,13
MD,Talbot,24041,7.828,5.214,1945,2107,13,11
MD,Harford,24025,7.642,4.996,2025,2200,14,14
MD,Carroll,24013,7.5120000000000005,4.898999999999999,2064,2233,15,16
MD,Charles,24017,7.506,5.214,2071,2107,16,11
MD,Prince Georges,24033,7.096000000000001,6.28,2206,1435,17,5
MD,Howard,24027,6.970000000000001,4.313000000000001,2241,2437,18,21
MD,Anne Arundel,24003,6.964,4.720000000000001,2244,2313,19,17
MD,Baltimore,24005,6.7700000000000005,4.6579999999999995,2294,2340,20,18
MD,Calvert,24009,6.686,4.326,2317,2433,21,20
MD,Saint Marys,24037,6.5760000000000005,4.24,2346,2463,22,22
MD,Montgomery,24031,6.3100000000000005,4.201,2406,2471,23,23
MD,Baltimore City,24510,5.608,3.9840000000000004,2530,2514,24,24
ME,Knox,23013,13.648000000000001,8.5,60,366,1,1
ME,Franklin,23007,12.656,8.078,144,506,2,4
ME,Piscataquis,23021,12.335999999999999,7.442,177,750,3,9
ME,Oxford,23017,12.225999999999999,7.590999999999999,204,698,4,8
ME,Sagadahoc,23023,11.574,8.293,326,434,5,2
ME,Lincoln,23015,11.559999999999999,7.614,332,684,6,7
ME,Hancock,23009,11.522,7.139,344,898,7,12
ME,Kennebec,23011,11.508000000000001,7.391,347,767,8,10
ME,Washington,23029,11.386,6.342,381,1396,9,15
ME,Androscoggin,23001,11.344,7.806,393,610,10,6
ME,Somerset,23025,11.274000000000001,7.13,416,908,11,13
ME,Penobscot,23019,11.106,6.959999999999999,458,1004,12,14
ME,Cumberland,23005,11.102,8.089,461,499,13,3
ME,York,23031,10.768,7.8260000000000005,558,600,14,5
ME,Waldo,23027,10.474,7.276000000000001,661,822,15,11
ME,Aroostook,23003,9.984,5.887,855,1711,16,16
MI,Mackinac,26097,13.448000000000002,7.823,70,601,1,33
MI,Lake,26085,13.336000000000002,8.866,76,274,2,8
MI,Cheboygan,26031,13.212,8.676,85,318,3,13
MI,Keweenaw,26083,12.846666666666666,6.39625,120,1363,4,73
MI,Antrim,26009,12.822,9.557,122,132,5,1
MI,Presque Isle,26141,12.696,8.104000000000001,141,492,6,28
MI,Gogebic,26053,12.49,7.407000000000001,155,761,7,40
MI,Montmorency,26119,12.379999999999999,8.491,166,368,8,19
MI,Benzie,26019,12.376,9.437000000000001,167,144,9,2
MI,Charlevoix,26029,12.248,9.349,192,162,10,3
MI,Leelanau,26089,12.244,9.215,193,189,11,5
MI,Manistee,26101,12.24,8.976,194,243,12,6
MI,Otsego,26137,12.238,8.809000000000001,195,285,13,9
MI,Alpena,26007,12.175999999999998,7.8950000000000005,213,569,14,32
MI,Roscommon,26143,12.053999999999998,8.699,233,310,15,12
MI,Houghton,26061,11.790000000000001,7.298,276,814,16,42
MI,Oscoda,26135,11.556000000000001,7.243,334,837,17,44
MI,Osceola,26133,11.504,8.565999999999999,349,351,18,18
MI,Wexford,26165,11.456,8.638,363,333,19,15
MI,Clare,26035,11.418000000000001,7.728,374,643,20,36
MI,Emmet,26047,11.378,8.76,384,296,21,10
MI,Oceana,26127,11.254000000000001,8.123999999999999,424,485,22,27
MI,Mason,26105,11.196000000000002,8.262,437,442,23,24
MI,Alcona,26001,11.158000000000001,7.9079999999999995,444,564,24,31
MI,Grand Traverse,26055,11.098,8.67,464,320,25,14
MI,Ogemaw,26129,11.074000000000002,7.563,473,707,26,38
MI,Crawford,26039,11.038,8.369,481,410,27,21
MI,Mecosta,26107,10.996,8.587,492,346,28,16
MI,Muskegon,26121,10.989999999999998,9.264,495,181,29,4
MI,Iosco,26069,10.792,7.795,554,618,30,34
MI,Chippewa,26033,10.652,6.526999999999999,596,1274,31,66
MI,Missaukee,26113,10.597999999999999,8.208,619,457,32,25
MI,Kalkaska,26079,10.468,8.708,664,309,33,11
MI,Ontonagon,26131,10.448,6.858,674,1076,34,59
MI,Baraga,26013,10.363999999999999,6.012,705,1628,35,77
MI,Marquette,26103,10.308,6.65,726,1205,36,63
MI,Montcalm,26117,10.3,8.578,728,348,37,17
MI,Huron,26063,10.298,7.718000000000001,730,647,38,37
MI,Luce,26095,10.25,5.867,743,1722,39,79
MI,Kent,26081,9.92,8.934999999999999,891,254,40,7
MI,Hillsdale,26059,9.896,7.774000000000001,898,624,41,35
MI,Ionia,26067,9.894,8.428,900,392,42,20
MI,Dickinson,26043,9.882,6.442,904,1323,43,71
MI,Newaygo,26123,9.866,8.318999999999999,908,423,44,23
MI,Tuscola,26157,9.862,8.02,912,524,45,30
MI,Barry,26015,9.744,8.053999999999998,978,512,46,29
MI,Ottawa,26139,9.724,8.348,988,416,47,22
MI,Menominee,26109,9.688,6.495,1006,1291,48,68
MI,Branch,26023,9.658,7.175,1019,877,49,47
MI,Bay,26017,9.65,6.493,1025,1293,50,69
MI,Gratiot,26057,9.540000000000001,7.090000000000001,1070,934,51,50
MI,Calhoun,26025,9.498,7.188,1096,869,52,46
MI,Allegan,26005,9.39,8.184000000000001,1150,466,53,26
MI,Berrien,26021,9.296000000000001,6.888,1188,1058,54,58
MI,Schoolcraft,26153,9.206,5.919,1236,1685,55,78
MI,Van Buren,26159,9.18,6.948,1249,1015,56,56
MI,Midland,26111,9.166,6.167,1257,1518,57,75
MI,Cass,26027,9.124,6.802,1287,1104,58,61
MI,Sanilac,26151,9.084,7.339,1303,790,59,41
MI,Iron,26071,8.972,4.9990000000000006,1346,2198,60,83
MI,Arenac,26011,8.916,6.537999999999999,1379,1268,61,65
MI,Saint Joseph,26149,8.846,6.989,1419,979,62,54
MI,Gladwin,26051,8.834,6.343,1426,1395,63,74
MI,Saginaw,26145,8.784,6.540000000000001,1455,1267,64,64
MI,Delta,26041,8.714,5.352,1490,2022,65,81
MI,Kalamazoo,26077,8.664,6.953999999999999,1514,1009,66,55
MI,Shiawassee,26155,8.636,7.547,1532,713,67,39
MI,Alger,26003,8.576,5.325,1575,2037,68,82
MI,Eaton,26045,8.392,7.01,1656,971,69,53
MI,Clinton,26037,8.178,6.752,1768,1128,70,62
MI,Wayne,26163,8.152000000000001,7.104000000000001,1778,923,71,48
MI,Genesee,26049,8.138,7.233,1790,841,72,45
MI,Ingham,26065,8.129999999999999,6.853,1793,1084,73,60
MI,Saint Clair,26147,8.098,7.256,1816,830,74,43
MI,Jackson,26075,8.088,7.022,1820,965,75,52
MI,Macomb,26099,8.0,6.914,1865,1039,76,57
MI,Lapeer,26087,7.959999999999999,7.023000000000001,1885,964,77,51
MI,Isabella,26073,7.756,5.4030000000000005,1976,1999,78,80
MI,Lenawee,26091,7.692,7.103,2006,924,79,49
MI,Oakland,26125,7.453999999999999,6.456999999999999,2087,1311,80,70
MI,Livingston,26093,7.304,6.509,2129,1282,81,67
MI,Monroe,26115,7.1259999999999994,6.116,2194,1559,82,76
MI,Washtenaw,26161,7.056,6.433,2216,1331,83,72
MN,Cook,27031,12.28,6.57,187,1253,1,21
MN,Lincoln,27081,11.526,6.733,343,1144,2,12
MN,Aitkin,27001,10.024000000000001,6.76,843,1123,3,11
MN,Grant,27051,9.714,6.935,994,1026,4,7
MN,Big Stone,27011,9.498,5.912999999999999,1096,1693,5,48
MN,Wadena,27159,9.452,6.6819999999999995,1120,1187,6,16
MN,Nobles,27105,9.23,6.9430000000000005,1219,1021,7,6
MN,Mahnomen,27087,9.22,4.85625,1225,2257,8,77
MN,Morrison,27097,9.166,7.022,1257,965,9,4
MN,Pine,27115,9.132,7.245,1282,834,10,2
MN,Todd,27153,9.022,6.802,1327,1104,11,9
MN,Cass,27021,8.98,6.318,1344,1411,12,26
MN,Houston,27055,8.968,6.1450000000000005,1349,1539,13,34
MN,Yellow Medicine,27173,8.953999999999999,5.484,1359,1951,14,63
MN,Wabasha,27157,8.926,6.607000000000001,1373,1228,15,18
MN,Crow Wing,27035,8.854000000000001,6.689,1415,1178,16,15
MN,Murray,27101,8.786,6.5329999999999995,1454,1271,17,22
MN,Lake,27075,8.778,6.455,1459,1313,18,23
MN,Lake of the Woods,27077,8.758,6.346,1466,1392,19,25
MN,Pipestone,27117,8.696,6.697,1496,1176,20,14
MN,Meeker,27093,8.662,6.265,1517,1446,21,27
MN,Lac Qui Parle,27073,8.642,6.668000000000001,1528,1198,22,17
MN,Swift,27151,8.624,4.787000000000001,1545,2287,23,79
MN,Kandiyohi,27067,8.584,5.801,1567,1759,24,54
MN,Fillmore,27045,8.581999999999999,6.590999999999999,1570,1239,25,19
MN,Jackson,27063,8.536,5.699,1593,1839,26,58
MN,Kanabec,27065,8.422,7.609999999999999,1644,686,27,1
MN,Otter Tail,27111,8.408,6.193,1649,1492,28,30
MN,Itasca,27061,8.4,5.175,1653,2132,29,74
MN,Chippewa,27023,8.386,5.849,1657,1736,30,53
MN,Waseca,27161,8.284,6.572,1710,1250,31,20
MN,McLeod,27085,8.22,6.7010000000000005,1743,1172,32,13
MN,Hubbard,27057,8.116,5.872,1807,1717,33,51
MN,Carlton,27017,8.102,6.121,1814,1551,34,35
MN,Saint Louis,27137,8.075999999999999,5.779,1828,1779,35,55
MN,Martin,27091,8.068000000000001,5.898999999999999,1835,1706,36,50
MN,Koochiching,27071,8.062000000000001,5.667,1838,1861,37,59
MN,Mower,27099,7.938,6.202,1900,1488,38,29
MN,Kittson,27069,7.886,5.016,1921,2193,39,76
MN,Douglas,27041,7.7379999999999995,5.867,1980,1722,40,52
MN,Watonwan,27165,7.656000000000001,5.5200000000000005,2018,1936,41,62
MN,Pope,27121,7.65,5.983,2023,1650,42,40
MN,Steele,27147,7.638,6.0600000000000005,2026,1593,43,39
MN,Stearns,27145,7.5840000000000005,5.901,2043,1703,44,49
MN,Winona,27169,7.5680000000000005,5.586,2046,1902,45,60
MN,Freeborn,27047,7.56,5.963,2047,1661,46,44
MN,Isanti,27059,7.556,7.186,2049,870,47,3
MN,Sherburne,27141,7.556,6.7780000000000005,2049,1117,47,10
MN,Renville,27129,7.537999999999999,5.933,2057,1677,49,46
MN,Roseau,27135,7.532000000000001,5.979,2058,1653,50,41
MN,Mille Lacs,27095,7.394,6.987,2098,984,51,5
MN,Redwood,27127,7.394,6.117,2098,1555,51,36
MN,Benton,27009,7.388,5.953,2102,1667,53,45
MN,Chisago,27025,7.3759999999999994,6.858,2109,1076,54,8
MN,Beltrami,27007,7.294,5.252,2137,2081,55,69
MN,Becker,27005,7.225999999999999,5.779,2156,1779,56,55
MN,Wilkin,27167,7.208,5.737,2162,1807,57,57
MN,Le Sueur,27079,7.159999999999999,6.085,2183,1574,58,37
MN,Goodhue,27049,6.973999999999999,5.921,2238,1682,59,47
MN,Wright,27171,6.926,6.156000000000001,2252,1527,60,33
MN,Sibley,27143,6.9,6.414,2261,1347,61,24
MN,Olmsted,27109,6.8420000000000005,6.212000000000001,2275,1479,62,28
MN,Faribault,27043,6.840000000000001,5.4270000000000005,2276,1980,63,65
MN,Rock,27133,6.837999999999999,5.968999999999999,2278,1657,64,43
MN,Dodge,27039,6.828,6.063000000000001,2281,1588,65,38
MN,Lyon,27083,6.802,4.544,2290,2372,66,83
MN,Stevens,27149,6.678,4.794,2318,2283,67,78
MN,Rice,27131,6.676,5.9719999999999995,2320,1655,68,42
MN,Anoka,27003,6.606,6.192,2338,1493,69,31
MN,Washington,27163,6.444,5.561,2376,1920,70,61
MN,Brown,27015,6.42,5.055,2385,2179,71,75
MN,Nicollet,27103,6.348,5.237,2400,2091,72,70
MN,Blue Earth,27013,6.338,5.1899999999999995,2402,2120,73,73
MN,Scott,27139,6.322,5.313000000000001,2404,2043,74,67
MN,Polk,27119,6.134,4.557,2446,2365,75,82
MN,Dakota,27037,6.106,5.305,2451,2045,76,68
MN,Carver,27019,6.076,5.194,2460,2118,77,72
MN,Red Lake,27125,5.833333333333333,4.46625,2499,2397,78,84
MN,Marshall,27089,5.774,4.622,2506,2345,79,81
MN,Traverse,27155,5.739999999999999,3.26,2510,2650,80,87
MN,Cottonwood,27033,5.694,5.338,2516,2030,81,66
MN,Ramsey,27123,5.68,5.484,2518,1951,82,63
MN,Clay,27027,5.6,4.761,2531,2298,83,80
MN,Clearwater,27029,5.569999999999999,3.906,2534,2540,84,85
MN,Hennepin,27053,5.3740000000000006,5.1979999999999995,2560,2117,85,71
MN,Norman,27107,5.07,6.1579999999999995,2605,1526,86,32
MN,Pennington,27113,4.048,3.5469999999999997,2699,2604,87,86
MO,Shelby,29205,20.599999999999998,9.835,3,96,1,1
MO,Chariton,29041,18.62333333333333,4.821249999999999,10,2272,2,94
MO,Atchison,29005,12.746,8.233,134,448,3,6
MO,Morgan,29141,12.642,8.620000000000001,145,340,4,3
MO,Saint Clair,29185,12.63,7.1025,146,925,5,32
MO,Wright,29229,12.484,7.964,157,544,6,7
MO,McDonald,29119,11.978,8.338,242,418,7,4
MO,Camden,29029,11.626000000000001,7.6930000000000005,314,659,8,13
MO,Iron,29093,11.588,8.854000000000001,321,278,9,2
MO,Barton,29011,11.266000000000002,6.562,419,1258,10,47
MO,Daviess,29061,11.25,6.265555555555555,427,1444,11,56
MO,Cedar,29039,11.24,7.67,430,665,12,14
MO,Harrison,29081,11.161999999999999,7.769,443,625,13,12
MO,DeKalb,29063,10.947999999999999,7.5009999999999994,505,729,14,16
MO,Stone,29209,10.84,7.245,537,834,15,22
MO,Benton,29015,10.728,7.181,571,874,16,28
MO,Douglas,29067,10.726,6.305,572,1419,17,54
MO,Polk,29167,10.668,7.384,589,773,18,20
MO,Dade,29057,10.396,8.282,692,438,19,5
MO,Henry,29083,10.346,7.229000000000001,711,844,20,24
MO,Andrew,29003,10.336,6.987,712,984,21,35
MO,Howell,29091,10.324000000000002,6.151000000000001,719,1534,22,64
MO,Grundy,29079,10.312000000000001,5.793,724,1765,23,73
MO,Christian,29043,10.204,7.4159999999999995,764,759,24,19
MO,Webster,29225,10.202000000000002,7.1930000000000005,766,868,25,27
MO,Taney,29213,10.196000000000002,6.9430000000000005,771,1021,26,37
MO,Miller,29131,10.192,7.101000000000001,774,926,27,33
MO,Cooper,29053,10.112,6.802,809,1104,28,40
MO,Greene,29077,10.11,7.452000000000001,813,746,29,18
MO,Laclede,29105,10.09,6.425999999999999,820,1338,30,52
MO,Livingston,29117,10.017999999999999,6.186,844,1503,31,62
MO,Gentry,29075,9.953333333333333,5.59875,876,1896,32,82
MO,Callaway,29027,9.858,6.434,921,1329,33,51
MO,Madison,29123,9.856,6.212999999999999,923,1478,34,60
MO,Dent,29065,9.854000000000001,6.5840000000000005,924,1245,35,46
MO,Clay,29047,9.838000000000001,7.93,928,558,36,8
MO,Ripley,29181,9.835,7.8075,931,609,37,11
MO,Gasconade,29073,9.806000000000001,6.624,944,1220,38,45
MO,Newton,29145,9.794,6.448,954,1318,39,49
MO,Lawrence,29109,9.786,7.143000000000001,956,897,40,30
MO,Cole,29051,9.748000000000001,6.188000000000001,974,1500,41,61
MO,Bates,29013,9.732000000000001,7.034000000000001,982,956,42,34
MO,Howard,29089,9.709999999999999,6.68,997,1191,43,44
MO,Dallas,29059,9.7,7.146000000000001,1003,893,44,29
MO,Saline,29195,9.564,6.053,1059,1597,45,67
MO,Jasper,29097,9.517999999999999,6.036,1082,1611,46,68
MO,Maries,29125,9.462,6.279999999999999,1113,1437,47,55
MO,Osage,29151,9.458,6.247,1115,1461,48,58
MO,Warren,29219,9.440000000000001,7.272,1128,823,49,21
MO,Mississippi,29133,9.4075,5.537777777777778,1144,1928,50,83
MO,Monroe,29137,9.282,6.737,1195,1140,51,42
MO,Carroll,29033,9.28,6.406999999999999,1196,1355,52,53
MO,Cass,29037,9.262,7.840999999999999,1202,592,53,10
MO,Vernon,29217,9.25,6.255999999999999,1211,1450,54,57
MO,Lafayette,29107,9.222,7.211,1223,854,55,26
MO,Clinton,29049,9.216,7.5329999999999995,1227,718,56,15
MO,Boone,29019,9.214,6.164,1228,1519,57,63
MO,Randolph,29175,9.184000000000001,6.787999999999999,1248,1112,58,41
MO,Jackson,29095,9.052,7.8629999999999995,1314,582,59,9
MO,Johnson,29101,8.982,7.234,1343,839,60,23
MO,Crawford,29055,8.958,5.612,1356,1888,61,81
MO,Audrain,29007,8.912,6.231,1383,1466,62,59
MO,Washington,29221,8.9,6.437,1388,1327,63,50
MO,Barry,29009,8.864,6.855000000000001,1410,1082,64,39
MO,Saint Charles,29183,8.696,6.873,1496,1066,65,38
MO,Platte,29165,8.693999999999999,7.223000000000001,1499,850,66,25
MO,Caldwell,29025,8.654,7.498,1521,730,67,17
MO,Ralls,29173,8.638,6.684,1530,1186,68,43
MO,Ray,29177,8.629999999999999,7.107000000000001,1540,922,69,31
MO,Sainte Genevieve,29186,8.522,5.7700000000000005,1599,1785,70,75
MO,Nodaway,29147,8.43,5.274,1640,2067,71,89
MO,Lincoln,29113,8.398,6.958,1654,1006,72,36
MO,Buchanan,29021,8.364,5.688,1668,1845,73,78
MO,Stoddard,29207,8.35,4.92,1676,2225,74,93
MO,Franklin,29071,8.120000000000001,5.803,1803,1757,75,72
MO,Jefferson,29099,8.11,6.144,1811,1541,76,65
MO,Phelps,29161,8.044,5.276999999999999,1844,2065,77,88
MO,Ozark,29153,7.984,5.65,1874,1870,78,80
MO,Montgomery,29139,7.9799999999999995,5.893,1875,1708,79,69
MO,Shannon,29203,7.97,5.1875,1882,2123,80,91
MO,Pettis,29159,7.886,6.078,1921,1579,81,66
MO,Marion,29127,7.776000000000001,5.348000000000001,1968,2023,82,86
MO,Linn,29115,7.702,4.694,2002,2322,83,95
MO,Lewis,29111,7.676666666666667,4.49,2011,2387,84,100
MO,Texas,29215,7.653999999999999,4.9799999999999995,2020,2206,85,92
MO,Pike,29163,7.622,5.811,2029,1754,86,71
MO,Saint Francois,29187,7.601999999999999,5.792,2036,1766,87,74
MO,Macon,29121,7.552000000000001,5.297,2052,2050,88,87
MO,Dunklin,29069,7.51,4.611111111111111,2067,2347,89,97
MO,Saint Louis,29189,7.409999999999999,5.754,2092,1795,90,76
MO,Perry,29157,7.395999999999999,5.419,2097,1987,91,84
MO,Pulaski,29169,7.302,4.295,2134,2445,92,101
MO,Saint Louis City,29510,7.247999999999999,5.741,2149,1803,93,77
MO,Moniteau,29135,7.2379999999999995,5.261,2151,2077,94,90
MO,Scott,29201,7.138,4.493,2188,2386,95,99
MO,Butler,29023,7.136,4.148000000000001,2189,2486,96,102
MO,Hickory,29085,7.103333333333334,6.48875,2200,1296,97,48
MO,Cape Girardeau,29031,7.024000000000001,4.595000000000001,2222,2350,98,98
MO,Oregon,29149,6.823333333333333,5.67125,2283,1858,99,79
MO,Adair,29001,6.626,4.12,2333,2493,100,103
MO,Pemiscot,29155,6.3566666666666665,1.32125,2396,2772,101,105
MO,New Madrid,29143,6.354,4.678999999999999,2398,2333,102,96
MO,Holt,29087,6.2700000000000005,5.357500000000001,2424,2020,103,85
MO,Bollinger,29017,3.8480000000000003,2.2399999999999998,2715,2740,104,104
MO,Putnam,29171,3.7350000000000003,5.825714285714286,2724,1747,105,70
MS,Benton,28009,18.78,12.018888888888888,8,13,1,1
MS,Chickasaw,28017,14.49,6.6875,40,1181,2,8
MS,Tippah,28139,11.778,7.1240000000000006,280,911,3,4
MS,Panola,28107,10.268,6.407000000000001,740,1354,4,11
MS,Yalobusha,28161,10.048,7.287999999999999,835,818,5,3
MS,Covington,28031,9.982,5.705,858,1835,6,18
MS,Union,28145,9.540000000000001,6.462000000000001,1070,1309,7,10
MS,George,28039,9.214,5.0409999999999995,1228,2183,8,29
MS,Lafayette,28071,9.164,6.856,1259,1081,9,5
MS,Marshall,28093,8.952000000000002,6.843999999999999,1360,1086,10,6
MS,Stone,28131,8.89,5.965000000000001,1399,1658,11,12
MS,DeSoto,28033,8.879999999999999,6.572,1405,1250,12,9
MS,Hancock,28045,8.758,7.794,1466,619,13,2
MS,Clay,28025,8.633333333333333,3.92875,1537,2536,14,44
MS,Tate,28137,8.63,5.74,1539,1805,15,15
MS,Alcorn,28003,8.629999999999999,5.611,1540,1890,16,19
MS,Forrest,28035,8.565999999999999,5.508,1584,1941,17,20
MS,Prentiss,28117,8.486,5.323,1618,2038,18,22
MS,Simpson,28127,8.266,5.476999999999999,1717,1957,19,21
MS,Harrison,28047,8.184,5.8629999999999995,1766,1729,20,14
MS,Tishomingo,28141,8.034,5.264,1848,2072,21,25
MS,Jackson,28059,7.970000000000001,5.723000000000001,1878,1818,22,16
MS,Pearl River,28109,7.938,5.3149999999999995,1900,2040,23,23
MS,Lamar,28073,7.87,5.2780000000000005,1926,2062,24,24
MS,Jones,28067,7.862,4.84,1930,2264,25,32
MS,Pontotoc,28115,7.694,5.706,2004,1833,26,17
MS,Monroe,28095,7.504,4.19,2074,2473,27,40
MS,Jasper,28061,7.3340000000000005,4.681,2120,2332,28,35
MS,Oktibbeha,28105,7.3340000000000005,5.263,2120,2075,28,26
MS,Marion,28091,7.087999999999999,4.574,2207,2358,30,36
MS,Lee,28081,7.081999999999999,4.965999999999999,2210,2213,31,30
MS,Webster,28155,7.0280000000000005,5.943,2221,1674,32,13
MS,Rankin,28121,6.882000000000001,4.686,2265,2325,33,34
MS,Madison,28089,6.874,4.721,2269,2312,34,33
MS,Choctaw,28019,6.75,6.75,2299,1130,35,7
MS,Neshoba,28099,6.648000000000001,4.175,2326,2476,36,41
MS,Itawamba,28057,6.460000000000001,4.865,2372,2251,37,31
MS,Washington,28151,6.452000000000001,3.8950000000000005,2374,2542,38,45
MS,Yazoo,28163,6.202,3.6879999999999997,2432,2582,39,48
MS,Lowndes,28087,6.090000000000001,4.165,2454,2479,40,42
MS,Perry,28111,6.09,4.37875,2455,2419,41,38
MS,Grenada,28043,5.896,3.694,2488,2580,42,47
MS,Calhoun,28013,5.88,5.17625,2490,2131,43,27
MS,Copiah,28029,5.8759999999999994,4.566,2491,2362,44,37
MS,Lawrence,28077,5.836666666666666,3.4275,2498,2629,45,52
MS,Clarke,28023,5.758,4.265000000000001,2508,2452,46,39
MS,Lincoln,28085,5.6659999999999995,3.007,2519,2682,47,57
MS,Warren,28149,5.5840000000000005,3.5799999999999996,2532,2600,48,50
MS,Bolivar,28011,5.456,3.5909999999999997,2549,2595,49,49
MS,Montgomery,28097,5.366,2.825,2562,2698,50,60
MS,Franklin,28037,5.210000000000001,2.952857142857142,2592,2687,51,58
MS,Carroll,28015,5.034999999999999,2.292857142857143,2610,2739,52,65
MS,Adams,28001,4.981999999999999,2.453,2616,2727,53,63
MS,Smith,28129,4.9425,4.120000000000001,2619,2492,54,43
MS,Wayne,28153,4.794,3.1350000000000002,2634,2664,55,53
MS,Hinds,28049,4.772,3.13,2636,2666,56,54
MS,Greene,28041,4.737500000000001,5.123333333333333,2643,2150,57,28
MS,Leake,28079,4.648000000000001,3.819,2656,2562,58,46
MS,Lauderdale,28075,4.4799999999999995,2.45,2670,2728,59,64
MS,Pike,28113,4.452,2.457,2675,2725,60,61
MS,Scott,28123,4.354,3.097,2681,2673,61,55
MS,Walthall,28147,4.069999999999999,3.471,2697,2623,62,51
MS,Coahoma,28027,3.7679999999999993,1.6079999999999999,2719,2767,63,69
MS,Winston,28159,3.436666666666666,3.08875,2736,2675,64,56
MS,Attala,28007,3.2120000000000006,2.9050000000000002,2738,2692,65,59
MS,Leflore,28083,2.968,1.9759999999999998,2742,2754,66,68
MS,Sunflower,28133,2.2,2.457,2760,2725,67,61
MS,Amite,28005,1.318,2.0989999999999998,2770,2749,68,67
MS,Newton,28101,1.0333333333333332,2.1012500000000003,2774,2748,69,66
MT,Deer Lodge,30023,16.486,11.193999999999999,18,29,1,2
MT,Glacier,30035,15.448000000000002,8.167,26,472,2,16
MT,Powell,30077,15.191999999999998,9.706999999999999,29,113,3,8
MT,Granite,30039,14.734,11.363,34,24,4,1
MT,Sweet Grass,30097,14.213333333333333,7.94125,44,552,5,17
MT,Broadwater,30007,13.568000000000001,10.165000000000001,62,75,6,5
MT,Ravalli,30081,13.553999999999998,9.602,64,123,7,10
MT,Flathead,30029,13.325999999999999,9.989,77,88,8,7
MT,Fergus,30027,12.984,7.2,100,859,9,22
MT,Madison,30057,12.98,9.693000000000001,101,114,10,9
MT,Meagher,30059,12.867500000000001,11.16777777777778,118,30,11,3
MT,Lake,30047,12.803999999999998,8.477,123,369,12,13
MT,Sanders,30089,12.208,8.735,206,304,13,11
MT,Silver Bow,30093,12.006,8.465,239,373,14,14
MT,Missoula,30063,12.004000000000001,8.719,240,306,15,12
MT,Park,30067,11.931999999999999,10.883,248,35,16,4
MT,Teton,30099,11.878,7.497,257,731,17,21
MT,Gallatin,30031,11.687999999999999,10.165,302,76,18,6
MT,Musselshell,30065,11.668,6.992,306,976,19,24
MT,Chouteau,30015,11.583333333333334,6.70125,325,1171,20,28
MT,Carbon,30009,11.254000000000001,7.756,424,634,21,19
MT,Pondera,30073,11.133999999999999,6.647,452,1206,22,29
MT,Lewis and Clark,30049,11.097999999999999,7.755,465,635,23,20
MT,Cascade,30013,10.648,6.8790000000000004,597,1062,24,27
MT,Lincoln,30053,10.494,7.784999999999999,655,620,25,18
MT,Jefferson,30043,10.386,6.901999999999999,698,1047,26,26
MT,Mineral,30061,10.144,8.18,793,469,27,15
MT,Stillwater,30095,9.976,6.911,862,1042,28,25
MT,Beaverhead,30001,9.508,7.196,1089,865,29,23
MT,Rosebud,30087,9.392,4.368,1149,2425,30,36
MT,Roosevelt,30085,9.145,4.021111111111111,1275,2508,31,38
MT,Custer,30017,8.998000000000001,5.546,1335,1922,32,31
MT,Yellowstone,30111,8.864,5.991,1410,1646,33,30
MT,Valley,30105,7.986,5.138,1873,2142,34,33
MT,Toole,30101,7.756,4.955,1976,2218,35,35
MT,Phillips,30071,7.109999999999999,5.264,2197,2072,36,32
MT,Dawson,30021,6.49,2.4810000000000003,2365,2723,37,39
MT,Hill,30041,6.476000000000001,5.103,2367,2162,38,34
MT,Big Horn,30003,5.093333333333333,4.24625,2604,2460,39,37
MT,Richland,30083,4.612,1.645,2657,2766,40,41
MT,Sheridan,30091,3.9650000000000003,1.9911111111111113,2707,2753,41,40
MT,Fallon,30025,2.5925,0.7755555555555554,2752,2777,42,42
NC,Avery,37011,14.172,8.870000000000001,45,273,1,6
NC,Hyde,37095,13.943333333333335,7.28875,51,817,2,54
NC,Clay,37043,13.496,9.093,67,215,3,3
NC,Yancey,37199,13.207999999999998,7.946000000000001,86,549,4,28
NC,Watauga,37189,12.934000000000001,8.504999999999999,107,364,5,13
NC,Jones,37103,12.901999999999997,8.683,112,315,6,9
NC,Graham,37075,12.874,7.933,116,555,7,29
NC,Anson,37007,12.76,8.448,133,384,8,15
NC,Ashe,37009,12.744,7.891,135,571,9,31
NC,Alleghany,37005,12.680000000000001,7.706,142,651,10,41
NC,Dare,37055,12.446000000000002,7.763,159,632,11,39
NC,Brunswick,37019,12.308,8.864,183,276,12,7
NC,McDowell,37111,12.206,8.683,207,315,13,9
NC,Greene,37079,12.028,7.165000000000001,236,886,14,56
NC,Jackson,37099,11.95,7.3469999999999995,246,788,15,52
NC,Polk,37149,11.806000000000001,8.787,271,287,16,8
NC,Macon,37113,11.77,8.162,284,475,17,21
NC,Beaufort,37013,11.742,6.687,291,1182,18,68
NC,Stokes,37169,11.675999999999998,7.85,303,588,19,35
NC,Warren,37185,11.65,6.669,308,1196,20,70
NC,Surry,37171,11.634,7.322999999999999,312,799,21,53
NC,Gaston,37071,11.586,9.118,322,210,22,2
NC,Rowan,37159,11.559999999999999,8.318000000000001,332,424,23,20
NC,New Hanover,37129,11.512,8.633,345,336,24,11
NC,Rutherford,37161,11.484,8.455,355,380,25,14
NC,Cleveland,37045,11.458,8.424,362,393,26,16
NC,Moore,37125,11.434,7.419,367,757,27,48
NC,Alamance,37001,11.43,7.859,368,586,28,34
NC,Duplin,37061,11.43,6.794,368,1109,28,66
NC,Union,37179,11.362,8.914,389,262,30,4
NC,Haywood,37087,11.314,8.08,403,503,31,24
NC,Pender,37141,11.294,7.975999999999999,409,540,32,27
NC,Wilson,37195,11.222,6.589,434,1241,33,73
NC,Randolph,37151,11.203999999999999,7.501,436,728,34,45
NC,Onslow,37133,11.186,7.244,439,836,35,55
NC,Swain,37173,11.15,8.376999999999999,446,408,36,17
NC,Cumberland,37051,11.14,6.17,451,1515,37,82
NC,Washington,37187,11.1325,7.146666666666666,453,892,38,57
NC,Stanly,37167,11.120000000000001,7.881,457,575,39,33
NC,Cabarrus,37025,11.08,8.895,471,270,40,5
NC,Pasquotank,37139,10.942,6.736,506,1141,41,67
NC,Cherokee,37039,10.934,8.09,509,498,42,23
NC,Catawba,37035,10.922,7.831,510,598,43,36
NC,Edgecombe,37065,10.854,6.934,534,1027,44,64
NC,Iredell,37097,10.84,7.749,537,637,45,40
NC,Davidson,37057,10.838,7.509,539,725,46,44
NC,Columbus,37047,10.824,6.239,544,1464,47,80
NC,Craven,37049,10.815999999999999,6.9449999999999985,548,1018,48,63
NC,Lee,37105,10.772,7.8180000000000005,557,604,49,37
NC,Alexander,37003,10.732,7.385,568,772,50,51
NC,Vance,37181,10.73,6.9879999999999995,569,983,51,60
NC,Rockingham,37157,10.675999999999998,6.642999999999999,587,1208,52,72
NC,Chatham,37037,10.66,7.685,594,663,53,42
NC,Carteret,37031,10.645999999999999,7.389999999999999,600,769,54,50
NC,Forsyth,37067,10.645999999999999,7.425,600,754,54,47
NC,Lincoln,37109,10.616,7.814,610,606,56,38
NC,Caldwell,37027,10.602,7.586,616,700,57,43
NC,Transylvania,37175,10.594,8.331,620,420,58,19
NC,Mecklenburg,37119,10.547999999999998,9.177,633,200,59,1
NC,Granville,37077,10.464,7.4719999999999995,666,738,60,46
NC,Camden,37029,10.456,5.720000000000001,669,1820,61,90
NC,Franklin,37069,10.431999999999999,7.898999999999999,679,566,62,30
NC,Perquimans,37143,10.39,5.74,697,1805,63,89
NC,Burke,37023,10.364,7.412000000000001,704,760,64,49
NC,Guilford,37081,10.315999999999999,7.134,720,906,65,58
NC,Lenoir,37107,10.297999999999998,6.063,731,1590,66,84
NC,Sampson,37163,10.292,6.220000000000001,733,1472,67,81
NC,Johnston,37101,10.284,7.8870000000000005,737,574,68,32
NC,Henderson,37089,10.28,8.361,739,414,69,18
NC,Nash,37127,10.193999999999999,6.476000000000001,772,1302,70,76
NC,Wake,37183,10.182,8.047,777,514,71,25
NC,Wilkes,37193,10.134,6.879,800,1063,72,65
NC,Yadkin,37197,10.072,6.428999999999999,827,1334,73,77
NC,Wayne,37191,10.06,5.864,831,1727,74,87
NC,Harnett,37085,10.038,6.968000000000001,841,999,75,61
NC,Orange,37135,10.01,7.117,846,916,76,59
NC,Durham,37063,10.008,8.625,848,338,77,12
NC,Currituck,37053,9.982000000000001,6.654999999999999,857,1204,78,71
NC,Caswell,37033,9.976,6.159000000000001,862,1524,79,83
NC,Montgomery,37123,9.953999999999999,6.962999999999999,874,1003,80,62
NC,Martin,37117,9.87,5.294,907,2053,81,92
NC,Person,37145,9.834,6.677,932,1193,82,69
NC,Madison,37115,9.822,8.015,936,527,83,26
NC,Chowan,37041,9.712,6.252,995,1457,84,79
NC,Pitt,37147,9.646,6.005000000000001,1027,1634,85,86
NC,Buncombe,37021,9.618,8.142999999999999,1039,479,86,22
NC,Richmond,37153,9.508,5.828,1089,1743,87,88
NC,Hoke,37093,9.431999999999999,6.3759999999999994,1132,1372,88,78
NC,Davie,37059,9.31,6.501,1179,1288,89,75
NC,Mitchell,37121,9.27,6.523999999999999,1198,1276,90,74
NC,Robeson,37155,9.152000000000001,5.273000000000001,1268,2068,91,93
NC,Scotland,37165,9.120000000000001,4.997,1289,2199,92,94
NC,Halifax,37083,9.084,5.43,1303,1976,93,91
NC,Hertford,37091,8.937999999999999,6.040000000000001,1368,1607,94,85
NC,Bladen,37017,8.9,4.8100000000000005,1388,2278,95,96
NC,Northampton,37131,8.806000000000001,4.484,1444,2388,96,98
NC,Bertie,37015,8.28,4.579,1711,2355,97,97
NC,Pamlico,37137,8.166,4.391,1776,2416,98,99
NC,Gates,37073,5.034000000000001,4.994,2611,2201,99,95
ND,Mountrail,38061,8.435,5.1899999999999995,1638,2120,1,7
ND,Sargent,38081,7.8999999999999995,6.61125,1916,1226,2,2
ND,Ransom,38073,7.797999999999999,7.086,1959,939,3,1
ND,Walsh,38099,7.653999999999999,5.359,2020,2016,4,5
ND,Richland,38077,6.514,5.438,2358,1973,5,4
ND,Traill,38097,6.3,5.662000000000001,2412,1864,6,3
ND,Ramsey,38071,5.640000000000001,4.872,2524,2246,7,8
ND,Cass,38017,5.64,4.674,2525,2334,8,9
ND,Burleigh,38015,5.386,3.415,2557,2632,9,16
ND,Morton,38059,5.3,3.505,2580,2615,10,15
ND,Pierce,38069,5.166666666666667,2.1187500000000004,2598,2747,11,26
ND,McKenzie,38053,5.145999999999999,2.8169999999999997,2601,2699,12,19
ND,Foster,38031,5.069999999999999,3.2290000000000005,2606,2654,13,17
ND,Pembina,38067,4.916,4.234,2623,2464,14,11
ND,Barnes,38003,4.798,4.0280000000000005,2633,2507,15,13
ND,Stutsman,38093,4.787999999999999,4.159,2635,2481,16,12
ND,Ward,38101,4.772,2.2299999999999995,2636,2741,17,24
ND,Grand Forks,38035,4.672,3.5810000000000004,2652,2598,18,14
ND,Mercer,38057,4.504,2.4210000000000003,2668,2731,19,22
ND,Williams,38105,4.362,2.859,2679,2696,20,18
ND,Cavalier,38019,4.036666666666667,5.295,2700,2052,21,6
ND,Stark,38089,3.928,2.128,2710,2746,22,25
ND,McLean,38055,3.8259999999999996,2.8129999999999997,2716,2700,23,20
ND,McHenry,38049,3.4766666666666666,2.3562499999999997,2733,2737,24,23
ND,Dickey,38021,3.1925,4.377777777777778,2739,2421,25,10
ND,Dunn,38025,2.555,2.555,2753,2721,26,21
ND,Bottineau,38009,2.1300000000000003,0.6937500000000001,2761,2779,27,29
ND,Bowman,38011,1.593333333333333,1.4675,2765,2770,28,27
ND,Wells,38103,1.14,1.14,2773,2774,29,28
NE,Thayer,31169,19.029999999999998,19.029999999999998,6,2,1,1
NE,Valley,31175,17.403333333333332,9.70875,16,112,2,2
NE,Antelope,31003,12.593333333333334,6.59375,147,1238,3,29
NE,Gosper,31073,11.39,8.065,379,509,4,6
NE,Kimball,31105,10.870000000000001,7.598999999999999,529,692,5,10
NE,Wayne,31179,10.752,7.311,563,807,6,15
NE,Clay,31035,10.562000000000001,7.859999999999999,627,585,7,8
NE,Howard,31093,10.396,7.4879999999999995,692,734,8,13
NE,Saline,31151,10.222,7.309,756,809,9,16
NE,Jefferson,31095,10.197999999999999,7.144,770,895,10,19
NE,Cheyenne,31033,10.076,3.6270000000000002,826,2588,11,66
NE,Butler,31023,9.634,9.082,1032,218,12,3
NE,Dakota,31043,9.538,7.3549999999999995,1073,785,13,14
NE,Perkins,31135,9.463333333333333,8.4225,1112,394,14,4
NE,Frontier,31063,9.29,4.801428571428572,1192,2281,15,61
NE,Nance,31125,9.206666666666665,7.592499999999999,1235,697,16,11
NE,Keith,31101,9.15,7.491,1269,732,17,12
NE,Cuming,31039,9.064,7.167,1310,881,18,18
NE,Saunders,31155,8.958,6.926,1356,1033,19,23
NE,Boone,31011,8.886,7.248,1402,833,20,17
NE,Burt,31021,8.861999999999998,6.987,1412,984,21,22
NE,Gage,31067,8.844,6.843999999999999,1420,1086,22,24
NE,Hall,31079,8.8,6.372,1447,1375,23,36
NE,Thurston,31173,8.7275,5.722222222222222,1483,1819,24,49
NE,Polk,31143,8.706,8.196,1492,463,25,5
NE,Pierce,31139,8.674000000000001,7.834999999999999,1510,595,26,9
NE,Washington,31177,8.486,6.715999999999999,1618,1161,27,27
NE,Douglas,31055,8.475999999999999,7.026000000000001,1622,962,28,21
NE,Otoe,31131,8.472,6.316,1623,1412,29,37
NE,Dawson,31047,8.35,5.7589999999999995,1676,1792,30,47
NE,Lancaster,31109,8.348,6.784999999999999,1679,1114,31,25
NE,Phelps,31137,8.342,6.268,1684,1443,32,39
NE,Seward,31159,8.328,6.559,1688,1261,33,31
NE,Colfax,31037,8.322,6.316,1691,1412,34,37
NE,Kearney,31099,8.313999999999998,6.125,1699,1549,35,42
NE,Adams,31001,8.304,6.183000000000001,1704,1505,36,41
NE,Sarpy,31153,8.234,6.465000000000001,1736,1307,37,32
NE,Brown,31017,8.196666666666667,6.19,1755,1497,38,40
NE,Nemaha,31127,8.174,5.952,1772,1668,39,44
NE,Hamilton,31081,8.088,7.114,1820,918,40,20
NE,Red Willow,31145,8.010000000000002,5.934,1863,1676,41,45
NE,Madison,31119,7.994,6.378,1869,1370,42,35
NE,Platte,31141,7.970000000000001,6.419,1878,1341,43,33
NE,York,31185,7.715999999999999,5.734,1995,1809,44,48
NE,Lincoln,31111,7.709999999999999,5.123,1997,2151,45,57
NE,Cass,31025,7.686,6.022,2007,1617,46,43
NE,Dodge,31053,7.651999999999999,6.609999999999999,2022,1227,47,28
NE,Morrill,31123,7.646666666666666,5.67,2024,1859,48,51
NE,Knox,31107,7.622,5.675,2029,1856,49,50
NE,Furnas,31065,7.5920000000000005,6.583,2040,1246,50,30
NE,Dawes,31045,7.556,5.868,2049,1721,51,46
NE,Merrick,31121,7.506,6.414,2071,1347,52,34
NE,Buffalo,31019,7.164,5.3469999999999995,2181,2024,53,55
NE,Stanton,31167,7.0680000000000005,6.723000000000001,2213,1155,54,26
NE,Cherry,31031,7.01,5.621,2227,1883,55,52
NE,Dixon,31051,6.91,8.013333333333334,2256,528,56,7
NE,Fillmore,31059,6.858,5.51,2272,1939,57,54
NE,Scotts Bluff,31157,6.422,4.42,2384,2412,58,65
NE,Cedar,31027,6.346,4.819,2401,2274,59,60
NE,Harlan,31083,6.325,5.12,2403,2155,60,58
NE,Holt,31089,5.986,5.243,2472,2088,61,56
NE,Box Butte,31013,5.464,4.442,2547,2407,62,64
NE,Chase,31029,5.463333333333334,5.5737499999999995,2548,1913,63,53
NE,Custer,31041,5.306,4.538,2578,2375,64,63
NE,Richardson,31147,5.006666666666667,4.58875,2613,2352,65,62
NE,Nuckolls,31129,1.9866666666666666,4.87,2763,2248,66,59
NH,Coos,33007,14.106,8.621,49,339,1,3
NH,Sullivan,33019,13.23,8.02,84,524,2,5
NH,Grafton,33009,12.312000000000001,7.8790000000000004,182,576,3,7
NH,Carroll,33003,12.118,8.741,220,303,4,2
NH,Belknap,33001,12.114,8.746,221,299,5,1
NH,Merrimack,33013,11.478,7.977000000000001,358,539,6,6
NH,Strafford,33017,11.258,8.123999999999999,422,485,7,4
NH,Cheshire,33005,11.088,7.197,467,861,8,10
NH,Hillsborough,33011,10.544,7.75,636,636,9,8
NH,Rockingham,33015,10.182,7.689,777,661,10,9
NJ,Cape May,34009,13.052000000000001,8.237,96,447,1,1
NJ,Atlantic,34001,12.142,6.7,219,1173,2,6
NJ,Camden,34007,11.67,7.136,305,902,3,4
NJ,Gloucester,34015,11.584,6.656000000000001,324,1202,4,7
NJ,Ocean,34029,11.512,7.3180000000000005,345,801,5,2
NJ,Cumberland,34011,11.424,6.705,373,1168,6,5
NJ,Salem,34033,11.056000000000001,6.049,477,1599,7,17
NJ,Burlington,34005,10.896,6.442,524,1323,8,9
NJ,Warren,34041,10.814,6.273000000000001,549,1439,9,12
NJ,Mercer,34021,10.454,6.180000000000001,670,1506,10,14
NJ,Sussex,34037,10.412,6.308,686,1417,11,11
NJ,Monmouth,34025,9.822,6.577,936,1249,12,8
NJ,Middlesex,34023,9.553999999999998,6.331,1066,1399,13,10
NJ,Essex,34013,9.222,6.265000000000001,1223,1445,14,13
NJ,Union,34039,9.114,6.148999999999999,1293,1536,15,15
NJ,Passaic,34031,9.065999999999999,6.061,1309,1592,16,16
NJ,Somerset,34035,8.437999999999999,5.21,1636,2111,17,19
NJ,Hunterdon,34019,8.246,4.844,1729,2263,18,21
NJ,Morris,34027,8.123999999999999,5.066,1801,2176,19,20
NJ,Bergen,34003,7.882,5.302,1924,2047,20,18
NJ,Hudson,34017,7.004,7.228,2230,846,21,3
NM,Sierra,35051,11.128,5.683999999999999,454,1852,1,15
NM,Los Alamos,35028,11.04,9.264999999999999,480,179,2,1
NM,Lincoln,35027,10.834,6.95,541,1013,3,6
NM,Valencia,35061,10.468,7.218000000000001,664,851,4,3
NM,Taos,35055,10.224,7.203,755,857,5,4
NM,Sandoval,35043,10.190000000000001,7.1370000000000005,775,899,6,5
NM,Socorro,35053,10.144,6.583,793,1246,7,7
NM,Colfax,35007,9.942,5.955,879,1664,8,11
NM,Grant,35017,9.608,5.7090000000000005,1042,1828,9,13
NM,Bernalillo,35001,9.484,6.359999999999999,1104,1383,10,9
NM,Luna,35029,9.367999999999999,5.6979999999999995,1159,1840,11,14
NM,Santa Fe,35049,9.208,7.292,1233,815,12,2
NM,Torrance,35057,9.177499999999998,6.559999999999999,1252,1260,13,8
NM,Dona Ana,35013,9.138000000000002,6.031000000000001,1280,1613,14,10
NM,Otero,35035,8.796000000000001,5.182,1449,2125,15,16
NM,Cibola,35006,8.618,4.359,1548,2427,16,20
NM,Rio Arriba,35039,8.608,5.824,1554,1748,17,12
NM,San Juan,35045,8.354,4.2299999999999995,1672,2466,18,21
NM,San Miguel,35047,8.112,4.684,1809,2329,19,18
NM,Chaves,35005,7.292,4.8629999999999995,2139,2253,20,17
NM,McKinley,35031,6.616,3.8259999999999996,2335,2559,21,22
NM,Curry,35009,6.414,3.069,2386,2676,22,25
NM,Roosevelt,35041,6.38,3.5519999999999996,2391,2603,23,24
NM,Lea,35025,5.35,3.7960000000000003,2570,2564,24,23
NM,Eddy,35015,4.486,4.5760000000000005,2669,2356,25,19
NM,Union,35059,1.03,-0.955,2775,2785,26,27
NM,Quay,35037,0.7133333333333335,1.4925000000000004,2779,2768,27,26
NV,Lincoln,32017,15.85,15.85,19,3,1,1
NV,Pershing,32027,13.26,7.356,81,784,2,12
NV,White Pine,32033,11.378,7.627000000000001,384,681,3,11
NV,Storey,32029,10.884,10.408,527,55,4,2
NV,Clark,32003,9.440000000000001,9.593,1128,126,5,5
NV,Nye,32023,8.664,9.317,1514,167,6,6
NV,Churchill,32001,8.466,9.291,1626,172,7,8
NV,Washoe,32031,8.242,9.178,1734,198,8,9
NV,Humboldt,32013,8.059999999999999,5.485,1840,1950,9,13
NV,Carson City,32510,7.9959999999999996,9.292,1868,171,10,7
NV,Lyon,32019,7.5040000000000004,10.077,2073,80,11,4
NV,Douglas,32005,7.432,8.446000000000002,2089,385,12,10
NV,Mineral,32021,7.016666666666666,10.3575,2225,57,13,3
NV,Elko,32007,6.858,4.29,2272,2446,14,15
NV,Lander,32015,6.1625000000000005,5.084444444444445,2437,2174,15,14
NY,Sullivan,36105,13.309999999999999,8.449,79,383,1,1
NY,Hamilton,36041,12.8025,5.21,124,2111,2,44
NY,Greene,36039,12.088,8.132,227,483,3,2
NY,Ulster,36111,11.428,7.806,371,610,4,3
NY,Wayne,36117,11.234,7.333,432,794,5,4
NY,Monroe,36055,10.82,7.167,545,881,6,6
NY,Oswego,36075,10.55,6.415000000000001,630,1345,7,18
NY,Onondaga,36067,10.51,6.676,646,1194,8,15
NY,Delaware,36025,10.501999999999999,6.720999999999999,650,1157,9,12
NY,Seneca,36099,10.15,5.988,789,1648,10,30
NY,Yates,36123,10.120000000000001,6.8180000000000005,806,1100,11,11
NY,Orange,36071,9.956,6.906999999999999,873,1044,12,10
NY,Columbia,36021,9.718,6.715000000000001,991,1162,13,13
NY,Cayuga,36011,9.678,6.047,1012,1600,14,27
NY,Niagara,36063,9.61,7.231,1041,843,15,5
NY,Schoharie,36095,9.582,5.955,1050,1664,16,31
NY,Cattaraugus,36009,9.459999999999999,6.042,1114,1605,17,28
NY,Schenectady,36093,9.45,5.858,1122,1734,18,34
NY,Madison,36053,9.416,6.168,1140,1517,19,23
NY,Ontario,36069,9.331999999999999,6.109,1171,1563,20,25
NY,Erie,36029,9.326,7.090999999999999,1174,931,21,8
NY,Essex,36031,9.276,5.921,1197,1682,22,32
NY,Oneida,36065,9.267999999999999,6.326,1200,1406,23,19
NY,Montgomery,36057,9.232,6.169,1218,1516,24,22
NY,Herkimer,36043,9.158,6.031000000000001,1263,1613,25,29
NY,Wyoming,36121,9.096,7.093000000000001,1299,929,26,7
NY,Dutchess,36027,9.026,6.178,1326,1508,27,20
NY,Genesee,36037,8.966,6.686,1353,1185,28,14
NY,Suffolk,36103,8.942,6.525,1364,1275,29,16
NY,Orleans,36073,8.918,6.438,1378,1326,30,17
NY,Rockland,36087,8.894,6.176,1395,1511,31,21
NY,Broome,36007,8.796,4.839,1451,2266,32,53
NY,Tompkins,36109,8.778,5.404,1459,1998,33,42
NY,Schuyler,36097,8.681999999999999,7.031999999999999,1507,958,34,9
NY,Livingston,36051,8.52,6.084,1603,1575,35,26
NY,Rensselaer,36083,8.462,5.464,1629,1963,36,40
NY,Cortland,36023,8.422,5.703,1644,1837,37,35
NY,Putnam,36079,8.372,5.523000000000001,1662,1934,38,38
NY,Fulton,36035,8.278,5.621,1712,1883,39,36
NY,Chautauqua,36013,8.25,6.129,1725,1547,40,24
NY,Warren,36113,8.190000000000001,4.987,1763,2205,41,51
NY,Washington,36115,8.134,5.0089999999999995,1791,2196,42,50
NY,Franklin,36033,8.128,5.106,1795,2160,43,48
NY,Saratoga,36091,8.076,5.223,1827,2102,44,43
NY,Albany,36001,8.03,5.136,1851,2143,45,45
NY,Allegany,36003,7.936,5.514,1903,1938,46,39
NY,Steuben,36101,7.526000000000001,5.029999999999999,2059,2190,47,49
NY,Otsego,36077,7.524000000000001,4.714,2062,2315,48,55
NY,Clinton,36019,7.376,4.912,2108,2226,49,52
NY,Tioga,36107,7.17,4.586,2178,2354,50,57
NY,Nassau,36059,6.831999999999999,5.872,2280,1717,51,33
NY,Westchester,36119,6.556,4.7490000000000006,2348,2303,52,54
NY,Chemung,36015,6.378,3.7880000000000003,2392,2565,53,59
NY,Chenango,36017,6.279999999999999,4.603,2420,2348,54,56
NY,Saint Lawrence,36089,6.128,3.842,2448,2553,55,58
NY,Jefferson,36045,5.954,3.496,2477,2618,56,60
NY,Bronx,36005,5.27,5.542,2584,1924,57,37
NY,Lewis,36049,4.696666666666666,2.92,2650,2691,58,61
NY,Queens,36081,4.356,5.433,2680,1974,59,41
NY,Richmond,36085,4.016,5.125,2701,2147,60,46
NY,Kings,36047,3.122,5.1129999999999995,2741,2158,61,47
NY,New York,36061,-15.12,-23.23,2786,2787,62,62
OH,Monroe,39111,15.459999999999999,6.93125,25,1031,1,32
OH,Harrison,39067,11.831999999999999,7.718999999999999,268,646,2,5
OH,Perry,39127,10.912,7.6579999999999995,514,668,3,6
OH,Hocking,39073,10.475999999999999,7.590999999999999,660,698,4,8
OH,Fayette,39047,10.404,7.731,688,642,5,4
OH,Meigs,39105,10.402000000000001,6.984999999999999,689,988,6,27
OH,Vinton,39163,10.35,6.808,708,1103,7,36
OH,Brown,39015,10.315999999999999,7.3,720,812,8,17
OH,Knox,39083,10.236,7.4670000000000005,748,741,9,9
OH,Clark,39023,10.23,7.172,752,878,10,22
OH,Licking,39089,10.22,7.865,757,580,11,1
OH,Richland,39139,10.214,7.617999999999999,759,682,12,7
OH,Crawford,39033,10.182,7.316,777,804,13,15
OH,Coshocton,39031,10.156,7.165000000000001,787,886,14,23
OH,Holmes,39075,10.017999999999999,7.052,844,954,15,26
OH,Fairfield,39045,9.861999999999998,7.767999999999999,915,626,16,3
OH,Marion,39101,9.848,7.202,926,858,17,19
OH,Warren,39165,9.818000000000001,7.322,939,800,18,14
OH,Clinton,39027,9.77,7.359999999999999,964,780,19,12
OH,Ashland,39005,9.756,7.159000000000001,969,888,20,24
OH,Clermont,39025,9.734,7.308,981,810,21,16
OH,Noble,39121,9.709999999999999,4.71125,997,2316,22,84
OH,Butler,39017,9.698,7.228999999999999,1005,845,23,18
OH,Highland,39071,9.658,6.979000000000001,1019,991,24,28
OH,Hardin,39065,9.596,6.6819999999999995,1046,1187,25,41
OH,Trumbull,39155,9.564,6.295,1059,1423,26,52
OH,Miami,39109,9.506,6.819,1091,1099,27,34
OH,Champaign,39021,9.5,6.9510000000000005,1095,1012,28,29
OH,Paulding,39125,9.486,6.51,1102,1281,29,45
OH,Morrow,39117,9.446000000000002,7.3260000000000005,1127,798,30,13
OH,Greene,39057,9.43,6.88,1133,1061,31,33
OH,Mahoning,39099,9.422,6.534000000000001,1135,1270,32,44
OH,Logan,39091,9.378,7.382000000000001,1154,774,33,11
OH,Hamilton,39061,9.332,7.151000000000001,1170,891,34,25
OH,Montgomery,39113,9.322,7.186,1178,870,35,20
OH,Union,39159,9.306000000000001,7.423,1182,756,36,10
OH,Franklin,39049,9.209999999999999,7.809,1231,608,37,2
OH,Preble,39135,9.172,6.776000000000001,1253,1119,38,38
OH,Lorain,39093,9.14,6.734,1277,1143,39,39
OH,Ross,39141,9.138,6.555,1281,1264,40,43
OH,Defiance,39039,9.084,6.016,1303,1623,41,64
OH,Delaware,39041,9.008,6.947,1334,1016,42,31
OH,Wayne,39169,8.998000000000001,6.815,1335,1101,43,35
OH,Muskingum,39119,8.98,6.7,1344,1173,44,40
OH,Van Wert,39161,8.919999999999998,6.170999999999999,1376,1514,45,56
OH,Auglaize,39011,8.918000000000001,6.494,1377,1292,46,46
OH,Cuyahoga,39035,8.782,6.601000000000001,1456,1232,47,42
OH,Seneca,39147,8.758,6.127,1466,1548,48,58
OH,Medina,39103,8.744,6.371,1474,1376,49,51
OH,Summit,39153,8.734,6.417,1480,1344,50,49
OH,Darke,39037,8.702,6.45,1495,1316,51,47
OH,Jackson,39079,8.632000000000001,6.949000000000001,1538,1014,52,30
OH,Pickaway,39129,8.622,6.787999999999999,1546,1112,53,37
OH,Portage,39133,8.614,6.12,1552,1552,54,59
OH,Madison,39097,8.594,7.176,1559,875,55,21
OH,Sandusky,39143,8.584,6.220000000000001,1567,1472,56,54
OH,Erie,39043,8.526,5.9079999999999995,1597,1700,57,70
OH,Pike,39131,8.494,6.006,1614,1633,58,67
OH,Stark,39151,8.494,6.144,1614,1541,58,57
OH,Columbiana,39029,8.443999999999999,6.104,1633,1565,60,61
OH,Ashtabula,39007,8.366,6.055,1666,1594,61,63
OH,Shelby,39149,8.314,6.007,1697,1632,62,66
OH,Allen,39003,8.3,5.936999999999999,1706,1675,63,69
OH,Lucas,39095,8.3,6.203,1706,1486,63,55
OH,Wyandot,39175,8.276,6.103,1713,1566,65,62
OH,Williams,39171,8.152000000000001,5.947,1778,1671,66,68
OH,Carroll,39019,8.148,6.287999999999999,1783,1430,67,53
OH,Ottawa,39123,8.065999999999999,6.008,1836,1631,68,65
OH,Fulton,39051,8.064,6.404000000000001,1837,1357,69,50
OH,Adams,39001,8.034,5.681,1848,1853,70,74
OH,Lake,39085,8.02,5.756,1859,1793,71,72
OH,Huron,39077,7.959999999999999,5.4399999999999995,1885,1970,72,81
OH,Geauga,39055,7.93,5.6,1907,1894,73,77
OH,Putnam,39137,7.906000000000001,5.681,1913,1853,74,74
OH,Wood,39173,7.85,5.747,1934,1799,75,73
OH,Lawrence,39087,7.843999999999999,4.392,1937,2415,76,88
OH,Jefferson,39081,7.7780000000000005,5.829,1966,1742,77,71
OH,Henry,39069,7.7379999999999995,5.5840000000000005,1980,1904,78,78
OH,Tuscarawas,39157,7.734,5.526,1985,1933,79,80
OH,Mercer,39107,7.726000000000001,6.1160000000000005,1987,1558,80,60
OH,Athens,39009,7.720000000000001,5.01,1993,2195,81,82
OH,Guernsey,39059,7.276000000000001,5.672,2141,1857,82,76
OH,Gallia,39053,7.25,4.45,2148,2405,83,86
OH,Morgan,39115,7.239999999999999,6.4437500000000005,2150,1322,84,48
OH,Hancock,39063,7.056,5.581,2216,1905,85,79
OH,Washington,39167,6.55,4.976,2352,2209,86,83
OH,Scioto,39145,6.406000000000001,4.41,2387,2413,87,87
OH,Belmont,39013,6.154,4.471,2440,2394,88,85
OK,Hughes,40063,18.006666666666664,8.76875,11,294,1,1
OK,Adair,40001,15.3275,7.945555555555556,28,550,2,2
OK,Garvin,40049,13.187999999999999,7.728,87,643,3,3
OK,Seminole,40133,11.156,7.333,445,794,4,4
OK,McIntosh,40091,10.889999999999999,7.212999999999999,525,853,5,5
OK,Delaware,40041,10.328,7.089,716,936,6,6
OK,Tillman,40141,10.226666666666667,6.8575,753,1080,7,9
OK,Le Flore,40079,10.05,6.4990000000000006,834,1289,8,12
OK,Murray,40099,9.716,6.248,993,1459,9,15
OK,Mayes,40097,9.248000000000001,6.615,1212,1224,10,11
OK,Haskell,40061,9.233333333333333,5.9125,1217,1694,11,22
OK,Rogers,40131,9.064,6.212,1310,1480,12,17
OK,Ottawa,40115,9.040000000000001,6.337999999999999,1320,1397,13,14
OK,McClain,40087,8.96,6.003,1355,1637,14,19
OK,Bryan,40013,8.948,6.738000000000001,1362,1138,15,10
OK,Washita,40149,8.844,4.385,1420,2418,16,52
OK,Tulsa,40143,8.818,6.247,1435,1461,17,16
OK,Wagoner,40145,8.768,6.180000000000001,1464,1506,18,18
OK,Washington,40147,8.687999999999999,5.279,1502,2061,19,39
OK,Stephens,40137,8.604,4.476000000000001,1556,2392,20,51
OK,Cleveland,40027,8.581999999999999,5.784000000000001,1570,1771,21,27
OK,Cherokee,40021,8.576,5.766,1575,1788,22,28
OK,Carter,40019,8.548,5.379,1589,2007,23,35
OK,Creek,40037,8.522,5.864,1599,1727,24,25
OK,Muskogee,40101,8.414,5.32,1646,2039,25,37
OK,Logan,40083,8.41,5.642,1648,1875,26,31
OK,Sequoyah,40135,8.364,5.212999999999999,1668,2109,27,40
OK,Osage,40113,8.268,5.731,1716,1812,28,29
OK,Okmulgee,40111,8.26,5.997,1721,1642,29,20
OK,Canadian,40017,8.245999999999999,5.785,1730,1769,30,26
OK,Marshall,40095,8.23,6.936,1738,1025,31,7
OK,Nowata,40105,8.23,5.376250000000001,1738,2011,31,36
OK,Lincoln,40081,8.194,5.911,1758,1696,33,23
OK,Atoka,40005,8.1425,6.926666666666666,1787,1032,34,8
OK,Caddo,40015,8.142,4.904999999999999,1788,2232,35,42
OK,Pawnee,40117,8.0,5.651,1865,1869,36,30
OK,Oklahoma,40109,7.99,5.99,1871,1647,37,21
OK,Grady,40051,7.712000000000001,5.615,1996,1886,38,32
OK,Johnston,40069,7.682,6.478999999999999,2008,1300,39,13
OK,Pottawatomie,40125,7.525999999999999,5.468,2061,1961,40,33
OK,Beaver,40007,7.506666666666667,5.18125,2070,2126,41,41
OK,Pittsburg,40121,7.4799999999999995,4.8759999999999994,2080,2241,42,44
OK,Pontotoc,40123,7.464,4.572,2085,2359,43,48
OK,Kay,40071,7.403999999999999,4.7780000000000005,2095,2292,44,46
OK,Payne,40119,7.1,5.304,2203,2046,45,38
OK,McCurtain,40089,7.097999999999999,5.872,2205,1717,46,24
OK,Cotton,40033,6.883333333333333,3.97,2264,2520,47,53
OK,Jackson,40065,6.88,4.546,2266,2370,48,50
OK,Noble,40103,6.5680000000000005,4.571,2347,2360,49,49
OK,Comanche,40031,6.388,3.176,2389,2658,50,57
OK,Love,40085,6.180000000000001,5.414,2434,1990,51,34
OK,Beckham,40009,6.082,2.7329999999999997,2457,2710,52,59
OK,Choctaw,40023,6.026666666666666,4.78125,2464,2290,53,45
OK,Craig,40035,6.0,4.887777777777778,2466,2237,54,43
OK,Garfield,40047,5.272,3.2920000000000003,2583,2646,55,56
OK,Texas,40139,4.918,3.9480000000000004,2622,2529,56,54
OK,Custer,40039,4.2219999999999995,2.975,2688,2685,57,58
OK,Kingfisher,40073,4.114,4.622,2695,2345,58,47
OK,Blaine,40011,3.6080000000000005,3.9125,2729,2538,59,55
OK,Woods,40151,2.532,1.9329999999999998,2754,2757,60,60
OK,Woodward,40153,2.272,1.451,2758,2771,61,61
OR,Baker,41001,12.23,9.193999999999999,201,196,1,6
OR,Harney,41025,12.181999999999999,9.365,212,157,2,4
OR,Grant,41023,12.144,8.937000000000001,218,253,3,9
OR,Malheur,41045,11.768,9.269,286,177,4,5
OR,Wallowa,41063,10.698,9.178,578,198,5,7
OR,Morrow,41049,10.284,8.687999999999999,737,314,6,10
OR,Crook,41013,10.129999999999999,10.229000000000001,802,67,7,2
OR,Lincoln,41041,10.008,8.588,848,345,8,12
OR,Deschutes,41017,9.924,9.498999999999999,889,136,9,3
OR,Klamath,41035,9.898,8.072,897,508,10,18
OR,Union,41061,9.86,7.484,916,735,11,26
OR,Coos,41011,9.482000000000001,8.139,1106,480,12,16
OR,Lake,41037,9.356,7.468999999999999,1165,740,13,27
OR,Tillamook,41057,9.264,8.01,1201,530,14,20
OR,Clatsop,41007,9.228,8.517,1220,363,15,13
OR,Jefferson,41031,8.68,10.556000000000001,1509,44,16,1
OR,Douglas,41019,8.578,7.523000000000001,1574,722,17,25
OR,Curry,41015,8.572,7.742,1580,638,18,23
OR,Linn,41043,8.572,9.017,1580,236,18,8
OR,Umatilla,41059,8.31,7.1659999999999995,1701,884,20,30
OR,Lane,41039,8.294,7.74,1709,640,21,24
OR,Hood River,41027,8.224,7.767999999999999,1742,626,22,22
OR,Polk,41053,8.196,8.42,1756,397,23,14
OR,Wasco,41065,8.132000000000001,8.224,1792,452,24,15
OR,Benton,41003,8.078,7.311,1825,807,25,28
OR,Marion,41047,7.814,8.664,1954,323,26,11
OR,Yamhill,41071,7.404000000000001,8.095,2094,496,27,17
OR,Columbia,41009,7.339999999999999,7.922,2117,562,28,21
OR,Gilliam,41021,7.0175,8.025555555555556,2224,521,29,19
OR,Clackamas,41005,6.906000000000001,7.292,2259,815,30,29
OR,Josephine,41033,6.74,6.973999999999999,2301,994,31,31
OR,Washington,41067,6.7,6.973000000000001,2315,995,32,32
OR,Jackson,41029,6.432,6.656000000000001,2380,1202,33,33
OR,Multnomah,41051,4.523999999999999,5.915,2665,1689,34,34
PA,Monroe,42089,10.678,7.090999999999999,586,931,1,1
PA,Pike,42103,10.55,6.708,630,1166,2,3
PA,Schuylkill,42107,9.982,6.414,858,1347,3,6
PA,Carbon,42025,9.974,6.758,864,1125,4,2
PA,Lehigh,42077,9.712,6.531999999999999,995,1273,5,5
PA,Luzerne,42079,9.575999999999999,5.796,1053,1762,6,15
PA,Berks,42011,9.56,6.345000000000001,1062,1393,7,7
PA,Lancaster,42071,9.51,6.632,1087,1214,8,4
PA,Northampton,42095,9.456,6.319,1117,1410,9,8
PA,Lebanon,42075,9.129999999999999,5.828,1283,1743,10,14
PA,Erie,42049,8.926,5.379,1373,2007,11,24
PA,Lackawanna,42069,8.89,5.248,1399,2084,12,29
PA,Dauphin,42043,8.796000000000001,5.8660000000000005,1449,1725,13,13
PA,Snyder,42109,8.719999999999999,5.189,1487,2122,14,34
PA,York,42133,8.668000000000001,5.871,1512,1720,15,12
PA,Delaware,42045,8.652,5.984,1524,1649,16,9
PA,Crawford,42039,8.636,5.878,1532,1716,17,11
PA,Clearfield,42033,8.58,5.661,1572,1865,18,19
PA,Wayne,42127,8.504,5.694,1609,1842,19,17
PA,Montgomery,42091,8.466,5.686999999999999,1626,1848,20,18
PA,Bucks,42017,8.440000000000001,5.654999999999999,1635,1866,21,20
PA,Chester,42029,8.412,5.753,1647,1797,22,16
PA,Cumberland,42041,8.348,5.401,1679,2000,23,23
PA,Franklin,42055,8.192,5.287,1761,2057,24,28
PA,Mifflin,42087,8.111999999999998,5.225,1810,2101,25,33
PA,Warren,42123,8.072,4.598,1832,2349,26,45
PA,Mercer,42085,8.069999999999999,5.326,1834,2035,27,26
PA,Perry,42099,7.975999999999999,5.378,1876,2009,28,25
PA,Wyoming,42131,7.874,4.17,1925,2477,29,53
PA,Adams,42001,7.8420000000000005,5.543,1938,1923,30,21
PA,Tioga,42117,7.802000000000001,4.661,1957,2339,31,44
PA,Lawrence,42073,7.76,5.293,1975,2054,32,27
PA,Columbia,42037,7.7379999999999995,4.8740000000000006,1980,2245,33,40
PA,Potter,42105,7.706,3.905,1999,2541,34,57
PA,Huntingdon,42061,7.593999999999999,4.75,2039,2302,35,42
PA,Venango,42121,7.545999999999999,5.234,2054,2096,36,32
PA,Juniata,42067,7.5120000000000005,5.236,2064,2093,37,31
PA,Northumberland,42097,7.464,4.665,2085,2337,38,43
PA,Armstrong,42005,7.209999999999999,4.99,2161,2203,39,37
PA,Bradford,42015,7.194,3.857,2166,2550,40,58
PA,Westmoreland,42129,7.1739999999999995,4.8340000000000005,2176,2269,41,41
PA,Bedford,42009,7.168000000000001,5.087000000000001,2180,2169,42,36
PA,Butler,42019,7.13,4.878,2191,2240,43,39
PA,Allegheny,42003,7.128,5.917,2192,1687,44,10
PA,McKean,42083,7.126,4.151,2193,2484,45,55
PA,Clarion,42031,7.068,4.911,2214,2227,46,38
PA,Lycoming,42081,6.9879999999999995,4.357,2233,2428,47,51
PA,Elk,42047,6.9079999999999995,4.554,2257,2367,48,47
PA,Beaver,42007,6.766,5.16,2296,2138,49,35
PA,Jefferson,42065,6.709999999999999,3.9579999999999997,2312,2524,50,56
PA,Centre,42027,6.474000000000001,5.239,2368,2090,51,30
PA,Fayette,42051,6.453999999999999,4.497,2373,2385,52,49
PA,Washington,42125,6.428,4.373,2382,2422,53,50
PA,Indiana,42063,6.302,3.8409999999999997,2411,2554,54,59
PA,Cambria,42021,6.2700000000000005,3.604,2424,2592,55,62
PA,Greene,42059,6.242,4.265,2429,2453,56,52
PA,Union,42119,6.082,4.546,2457,2370,57,48
PA,Susquehanna,42115,5.902,3.102,2485,2671,58,65
PA,Somerset,42111,5.85,3.7079999999999997,2496,2577,59,60
PA,Clinton,42035,5.712000000000001,4.5600000000000005,2513,2364,60,46
PA,Fulton,42057,5.568,3.511,2535,2614,61,63
PA,Philadelphia,42101,5.352,5.421,2568,1986,62,22
PA,Blair,42013,5.108,3.661,2603,2585,63,61
PA,Montour,42093,4.536,3.1350000000000002,2664,2664,64,64
PA,Sullivan,42113,4.17,4.17,2692,2477,65,53
RI,Providence,44007,10.6,8.039,618,518,1,1
RI,Kent,44003,10.586,7.933,622,555,2,2
RI,Newport,44005,10.495999999999999,7.898999999999999,654,566,3,3
RI,Bristol,44001,10.422,7.266,682,824,4,5
RI,Washington,44009,10.202000000000002,7.460000000000001,766,743,5,4
SC,Saluda,45081,13.838,9.525,52,134,1,1
SC,Union,45087,12.366,7.5840000000000005,170,701,2,19
SC,Beaufort,45013,11.905999999999999,8.759,251,297,3,4
SC,Colleton,45029,11.742,7.862,291,584,4,13
SC,Hampton,45049,11.646,7.715000000000001,309,650,5,16
SC,Charleston,45019,11.572,9.367999999999999,327,155,6,2
SC,Chester,45023,11.056000000000001,8.535,477,356,7,6
SC,York,45091,10.898,8.414,523,401,8,8
SC,Horry,45051,10.888,7.7989999999999995,526,616,9,14
SC,Oconee,45073,10.809999999999999,7.728,550,643,10,15
SC,Lancaster,45057,10.746,8.435,564,390,11,7
SC,Anderson,45007,10.629999999999999,7.695,607,656,12,17
SC,Spartanburg,45083,10.535999999999998,8.108,642,491,13,10
SC,Pickens,45077,10.484,8.022,657,523,14,12
SC,Georgetown,45043,10.48,7.635,659,678,15,18
SC,Abbeville,45001,10.474,7.276999999999999,661,821,16,20
SC,Laurens,45059,10.472,7.234,663,839,17,21
SC,Dorchester,45035,10.268,8.786,740,288,18,3
SC,Newberry,45071,10.148,6.486,790,1297,19,27
SC,Berkeley,45015,10.081999999999999,8.553999999999998,824,352,20,5
SC,Edgefield,45037,10.026,7.018000000000001,842,968,21,22
SC,Greenville,45045,9.989999999999998,8.289,853,437,22,9
SC,Lexington,45063,9.864,6.932,910,1030,23,24
SC,Clarendon,45027,9.858,5.964,921,1659,24,34
SC,Marion,45067,9.834,6.226999999999999,932,1470,25,31
SC,Kershaw,45055,9.614,6.272,1040,1440,26,30
SC,Bamberg,45009,9.583333333333334,8.0975,1049,494,27,11
SC,Aiken,45003,9.556000000000001,6.627,1064,1218,28,26
SC,Greenwood,45047,9.528,6.455,1078,1313,29,29
SC,Williamsburg,45089,9.358,6.063,1164,1590,30,33
SC,Orangeburg,45075,9.192,6.114,1242,1560,31,32
SC,Cherokee,45021,9.168,6.964,1255,1000,32,23
SC,Richland,45079,9.068,6.470999999999999,1307,1305,33,28
SC,Dillon,45033,9.014,5.162000000000001,1331,2136,34,41
SC,Jasper,45053,8.936,6.868,1370,1069,35,25
SC,Chesterfield,45025,8.838,5.409000000000001,1425,1994,36,38
SC,Sumter,45085,8.51,5.714,1607,1825,37,36
SC,Fairfield,45039,7.926,5.742,1909,1802,38,35
SC,Florence,45041,7.822,4.965,1949,2214,39,42
SC,Barnwell,45011,7.7379999999999995,5.177,1980,2130,40,40
SC,Darlington,45031,7.378,4.456,2106,2402,41,44
SC,Calhoun,45017,7.192,4.932,2168,2222,42,43
SC,Marlboro,45069,7.144,5.609,2184,1892,43,37
SC,Lee,45061,5.5440000000000005,5.399,2538,2001,44,39
SC,McCormick,45065,1.5766666666666662,3.105,2766,2670,45,45
SD,Tripp,46123,14.7,9.842222222222222,36,95,1,2
SD,Deuel,46039,14.133333333333333,9.40625,48,146,2,3
SD,Custer,46033,12.368,8.605,168,341,3,6
SD,Roberts,46109,12.19,8.045,209,516,4,9
SD,Hamlin,46057,12.065999999999999,9.334,230,165,5,4
SD,Fall River,46047,11.606,8.959,317,246,6,5
SD,Butte,46019,11.314,7.85,403,588,7,11
SD,Douglas,46043,11.105,11.105,460,32,8,1
SD,Lawrence,46081,11.07,7.867999999999999,474,579,9,10
SD,Hutchinson,46067,10.942,7.703,506,653,10,12
SD,Pennington,46103,10.162,7.0840000000000005,785,942,11,16
SD,Lake,46079,9.984,7.351000000000001,855,786,12,13
SD,Kingsbury,46077,9.86,8.25,916,445,13,8
SD,Meade,46093,9.808,7.233,943,841,14,15
SD,Turner,46125,9.77,8.54,964,355,15,7
SD,Day,46037,9.53,7.252222222222222,1076,831,16,14
SD,Beadle,46005,9.094,5.233,1300,2097,17,33
SD,Bon Homme,46009,8.666666666666666,6.0975,1513,1570,18,23
SD,Moody,46101,8.52,6.175999999999999,1603,1512,19,21
SD,Brule,46015,8.272,7.028999999999999,1715,959,20,17
SD,Minnehaha,46099,8.178,6.572,1768,1250,21,19
SD,Yankton,46135,8.126000000000001,5.947,1798,1671,22,24
SD,Davison,46035,8.108,5.708,1812,1830,23,27
SD,Brookings,46011,8.084,5.648999999999999,1823,1872,24,29
SD,Grant,46051,8.074,5.6850000000000005,1831,1849,25,28
SD,Clay,46027,7.82,6.156000000000001,1950,1527,26,22
SD,Codington,46029,7.756,5.3,1976,2048,27,30
SD,Lincoln,46083,7.668000000000001,6.189,2014,1499,28,20
SD,Hughes,46065,7.359999999999999,5.259,2115,2079,29,31
SD,Union,46127,7.029999999999999,5.93,2220,1681,30,25
SD,Charles Mix,46023,6.84,4.875,2277,2243,31,35
SD,Marshall,46091,6.7625,5.239999999999999,2298,2089,32,32
SD,Hanson,46061,6.71,4.96,2311,2215,33,34
SD,Brown,46013,6.114,4.569,2449,2361,34,36
SD,Edmunds,46045,5.97,3.8449999999999998,2475,2552,35,39
SD,Spink,46115,5.706666666666666,5.8237499999999995,2515,1749,36,26
SD,McCook,46087,5.686,6.752,2517,1128,37,18
SD,Stanley,46117,5.3566666666666665,4.54125,2566,2374,38,37
SD,Miner,46097,4.66,2.045714285714286,2655,2750,39,42
SD,Walworth,46129,3.7639999999999993,4.151999999999999,2720,2483,40,38
SD,Clark,46025,2.37,2.37,2756,2734,41,41
SD,Hand,46059,1.0133333333333332,3.365,2776,2635,42,40
TN,Perry,47135,14.612499999999999,10.213333333333333,39,70,1,5
TN,Clay,47027,14.0425,9.072222222222223,50,220,2,18
TN,Campbell,47013,13.524000000000001,8.763,66,295,3,33
TN,Lewis,47101,13.452000000000002,9.481,69,139,4,10
TN,Van Buren,47175,13.416,9.43,71,145,5,11
TN,Monroe,47123,13.251999999999999,8.909,82,264,6,28
TN,Union,47173,13.238,10.279,83,62,7,3
TN,Anderson,47001,13.157999999999998,8.552,88,353,8,38
TN,Loudon,47105,13.1,8.904,94,265,9,29
TN,Blount,47009,12.975999999999999,8.916,102,261,10,27
TN,Jefferson,47089,12.943999999999999,8.833,106,281,11,31
TN,Knox,47093,12.928,8.942,108,249,12,24
TN,Houston,47083,12.863999999999999,9.742999999999999,119,109,13,7
TN,Polk,47139,12.831999999999999,8.309999999999999,121,430,14,41
TN,Hickman,47081,12.784,10.520999999999999,128,46,15,2
TN,Scott,47151,12.776,8.219,130,454,16,45
TN,Sevier,47155,12.760000000000002,9.995999999999999,132,87,17,6
TN,White,47185,12.724,9.151,136,204,18,15
TN,Moore,47127,12.709999999999999,8.187,137,464,19,48
TN,Greene,47059,12.702,7.93,140,558,20,54
TN,Johnson,47091,12.540000000000001,8.231,152,451,21,44
TN,Hawkins,47073,12.368,7.865,168,580,22,57
TN,Warren,47177,12.360000000000001,9.1,171,212,23,17
TN,Cumberland,47035,12.326,8.207,178,459,24,47
TN,Coffee,47031,12.304,9.206,184,192,25,14
TN,Grundy,47061,12.302,7.93,185,558,26,54
TN,Stewart,47161,12.278,7.851999999999999,188,587,27,58
TN,Humphreys,47085,12.266,8.785,189,289,28,32
TN,Gibson,47053,12.238,7.717999999999999,195,648,29,66
TN,Meigs,47121,12.2,7.366,208,778,30,75
TN,DeKalb,47041,12.174000000000001,9.067,214,224,31,20
TN,Hamblen,47063,12.174000000000001,8.437000000000001,214,388,31,39
TN,Fentress,47049,12.106,8.331,222,420,33,40
TN,Haywood,47075,12.08,8.139,229,480,34,51
TN,Carter,47019,12.059999999999999,7.889,231,572,35,56
TN,Marion,47115,12.059999999999999,7.833,231,596,35,59
TN,Roane,47145,12.022,7.817,237,605,37,62
TN,Crockett,47033,12.02,7.632,238,679,38,69
TN,McMinn,47107,11.914,8.044,250,517,39,52
TN,Sullivan,47163,11.852,7.593000000000001,262,696,40,70
TN,Morgan,47129,11.8,7.935,272,554,41,53
TN,Franklin,47051,11.794,8.581999999999999,274,347,42,37
TN,Claiborne,47025,11.77,6.6209999999999996,284,1222,43,84
TN,Maury,47119,11.754000000000001,10.231,289,66,44,4
TN,Overton,47133,11.748000000000001,8.144,290,478,45,50
TN,Grainger,47057,11.71,7.483,298,736,46,72
TN,Madison,47113,11.706,7.686,299,662,47,68
TN,Jackson,47087,11.602,8.267,318,440,48,43
TN,Sequatchie,47153,11.56,7.831999999999999,330,597,49,60
TN,Henderson,47077,11.546,7.435,335,752,50,73
TN,Benton,47005,11.544,7.063000000000001,336,951,51,80
TN,Cannon,47015,11.534,8.98,338,242,52,22
TN,Putnam,47141,11.528,8.208,341,457,53,46
TN,Washington,47179,11.528,7.433,341,753,53,74
TN,Lincoln,47103,11.472,7.742,359,638,55,65
TN,Lawrence,47099,11.446,9.069999999999999,365,222,56,19
TN,Chester,47023,11.392,7.1659999999999995,378,884,57,78
TN,Marshall,47117,11.373999999999999,10.525,387,45,58,1
TN,Rhea,47143,11.354000000000001,7.829000000000001,390,599,59,61
TN,Bledsoe,47007,11.318000000000001,7.336,402,792,60,76
TN,Unicoi,47171,11.302,7.694,407,658,61,67
TN,Weakley,47183,11.296000000000001,7.128,408,910,62,79
TN,Hamilton,47065,11.288,8.297,410,432,63,42
TN,Bedford,47003,11.28,9.609,413,120,64,8
TN,Williamson,47187,11.272,9.125,417,208,65,16
TN,Bradley,47011,11.264,7.796000000000001,420,617,66,64
TN,Trousdale,47169,11.096,9.366,466,156,67,13
TN,Giles,47055,11.088,8.94,467,250,68,25
TN,Pickett,47137,11.034,6.203,483,1486,69,89
TN,Carroll,47017,11.018,6.522999999999999,487,1277,70,85
TN,Cocke,47029,10.95,8.145,504,476,71,49
TN,Macon,47111,10.802,9.401,553,147,72,12
TN,Montgomery,47125,10.764,7.540000000000001,560,714,73,71
TN,McNairy,47109,10.742,7.236,566,838,74,77
TN,Rutherford,47149,10.706,9.565,575,130,75,9
TN,Sumner,47165,10.572,8.957,626,247,76,23
TN,Dickson,47043,10.392,8.931999999999999,695,255,77,26
TN,Cheatham,47021,10.336,8.711,712,308,78,35
TN,Wayne,47181,10.306000000000001,7.804,727,614,79,63
TN,Robertson,47147,10.238,8.681000000000001,747,317,80,36
TN,Wilson,47189,10.182,8.748999999999999,777,298,81,34
TN,Smith,47159,10.156,8.901,787,267,82,30
TN,Lauderdale,47097,10.148,6.468000000000001,790,1306,83,86
TN,Hardeman,47069,9.995999999999999,6.456,850,1312,84,87
TN,Henry,47079,9.906,6.782000000000001,895,1115,85,81
TN,Hardin,47071,9.86,6.295,916,1423,86,88
TN,Obion,47131,9.544,6.0329999999999995,1068,1612,87,91
TN,Tipton,47167,9.54,6.632,1072,1214,88,83
TN,Davidson,47037,9.254000000000001,9.053,1210,229,89,21
TN,Dyer,47045,8.586,5.688,1565,1845,90,93
TN,Fayette,47047,8.354,6.2,1672,1490,91,90
TN,Shelby,47157,7.969999999999999,6.662000000000001,1883,1201,92,82
TN,Decatur,47039,7.906000000000001,5.766,1913,1788,93,92
TX,Delta,48119,17.5475,11.226666666666667,15,28,1,1
TX,Goliad,48175,15.376,8.532,27,357,2,21
TX,Castro,48069,15.173333333333334,5.57,30,1914,3,135
TX,Terry,48445,13.662500000000001,6.99,59,978,4,80
TX,Hamilton,48193,12.986,7.898000000000001,99,568,5,49
TX,Montague,48337,12.32,8.163,179,474,6,39
TX,Franklin,48159,12.228,8.493,202,367,7,24
TX,Morris,48343,12.228,9.303,202,169,7,5
TX,Swisher,48437,12.186,9.353,211,161,9,4
TX,De Witt,48123,11.89,7.702,254,654,10,53
TX,Gonzales,48177,11.888,8.477,255,369,11,25
TX,Hill,48217,11.8,9.209999999999999,272,190,12,7
TX,Navarro,48349,11.772,8.674,282,319,13,17
TX,Young,48503,11.4,6.839,375,1088,14,85
TX,Stephens,48429,11.376,10.013333333333334,386,86,15,2
TX,Hansford,48195,11.35,6.257,391,1449,16,112
TX,Erath,48143,11.334,7.814,395,606,17,51
TX,Rains,48379,11.288,8.811,410,284,18,15
TX,Llano,48299,11.252,8.928,426,257,19,13
TX,Burnet,48053,11.122,8.926,455,258,20,14
TX,Parmer,48369,10.903333333333334,6.47375,518,1303,21,102
TX,Titus,48449,10.684,7.151999999999999,583,890,22,73
TX,Lamar,48277,10.664,7.406000000000001,591,763,23,63
TX,Milam,48331,10.620000000000001,8.456,609,378,24,27
TX,Henderson,48213,10.614,8.001000000000001,611,533,25,47
TX,Clay,48077,10.584,6.858,623,1076,26,84
TX,Sabine,48403,10.584,6.437,623,1327,26,104
TX,Grimes,48185,10.546000000000001,8.047,634,514,28,44
TX,Jack,48237,10.52,7.702,644,654,29,53
TX,Freestone,48161,10.504,6.742,649,1133,30,89
TX,Blanco,48031,10.443999999999999,9.769,675,105,31,3
TX,Van Zandt,48467,10.437999999999999,8.503,677,365,32,23
TX,Hunt,48231,10.43,9.164,680,202,33,8
TX,Cameron,48061,10.402000000000001,6.712000000000001,689,1163,34,91
TX,San Jacinto,48407,10.382,9.1,700,212,35,10
TX,Grayson,48181,10.352,8.939,707,251,36,12
TX,Wilbarger,48487,10.35,6.809,708,1102,37,87
TX,Upshur,48459,10.3,6.441,728,1325,38,103
TX,Cooke,48097,10.294,8.452,732,382,39,28
TX,Caldwell,48055,10.292,9.227,733,187,40,6
TX,Aransas,48007,10.232,8.312000000000001,751,426,41,34
TX,Callahan,48059,10.202000000000002,6.687,766,1182,42,93
TX,Kendall,48259,10.166,7.779999999999999,783,622,43,52
TX,Lampasas,48281,10.106,7.868,817,577,44,50
TX,Bosque,48035,10.097999999999999,7.489,818,733,45,60
TX,Bell,48027,10.082,7.417,823,758,46,62
TX,Fayette,48149,10.01,7.265000000000001,846,825,47,70
TX,Hood,48221,9.988,8.431000000000001,854,391,48,29
TX,Palo Pinto,48363,9.97,8.109,866,490,49,41
TX,Somervell,48425,9.964,8.292,869,435,50,35
TX,Bandera,48019,9.926,8.003,886,531,51,46
TX,Fannin,48147,9.925999999999998,9.112,887,211,52,9
TX,Limestone,48293,9.866,6.4,908,1361,53,108
TX,Falls,48145,9.803999999999998,7.279000000000001,950,819,54,69
TX,Panola,48365,9.756,6.025,969,1615,55,121
TX,Medina,48325,9.75,7.337000000000001,973,791,56,66
TX,El Paso,48141,9.725999999999999,6.037999999999999,987,1608,57,120
TX,Bastrop,48021,9.722,8.986,990,241,58,11
TX,Hopkins,48223,9.682,8.089,1010,499,59,43
TX,Williamson,48491,9.668,8.663,1016,324,60,18
TX,Deaf Smith,48117,9.66,6.476999999999999,1018,1301,61,101
TX,Wood,48499,9.656,7.358,1021,782,62,64
TX,Parker,48367,9.654,8.376999999999999,1022,408,63,33
TX,Lynn,48305,9.65,6.053333333333333,1025,1596,64,119
TX,Brown,48049,9.644000000000002,6.547,1028,1266,65,100
TX,Collin,48085,9.628,8.631,1035,337,66,20
TX,Montgomery,48339,9.602,6.968999999999999,1045,998,67,81
TX,Archer,48009,9.572,7.072,1057,947,68,76
TX,Hidalgo,48215,9.559999999999999,6.569,1063,1254,69,99
TX,Johnson,48251,9.526,8.655,1080,328,70,19
TX,Hays,48209,9.486,8.181000000000001,1102,467,71,37
TX,Ellis,48139,9.474,8.777,1108,292,72,16
TX,Rusk,48401,9.468,6.2829999999999995,1109,1434,73,110
TX,Comanche,48093,9.428,7.356999999999999,1134,783,74,65
TX,Kerr,48265,9.418,8.103,1139,493,75,42
TX,McLennan,48309,9.370000000000001,7.982000000000001,1157,536,76,48
TX,Camp,48063,9.294,7.606999999999999,1190,689,77,56
TX,Coryell,48099,9.29,6.757,1192,1127,78,88
TX,Tyler,48457,9.284,6.681,1194,1189,79,94
TX,Houston,48225,9.262,5.931,1202,1679,80,122
TX,Wise,48497,9.236,8.395,1215,404,81,31
TX,Gregg,48183,9.208,5.635,1233,1876,82,130
TX,Comal,48091,9.190000000000001,7.644,1244,673,83,55
TX,Kaufman,48257,9.156,8.531,1267,358,84,22
TX,Austin,48015,9.148,7.0409999999999995,1270,955,85,79
TX,Madison,48313,9.148,7.089,1270,936,85,74
TX,Runnels,48399,9.129999999999999,6.640000000000001,1283,1209,87,95
TX,Atascosa,48013,9.054,6.589,1313,1241,88,98
TX,Bowie,48037,9.052,5.763,1314,1791,89,124
TX,Smith,48423,9.042,6.631,1318,1216,90,96
TX,Dawson,48115,9.03,6.1339999999999995,1324,1544,91,114
TX,Anderson,48001,8.994,7.071,1337,948,92,77
TX,Rockwall,48397,8.972,8.257000000000001,1346,443,93,36
TX,Eastland,48133,8.968,8.025,1349,522,94,45
TX,Waller,48473,8.916,7.159000000000001,1379,888,95,72
TX,Cherokee,48073,8.878,6.835000000000001,1406,1090,96,86
TX,Denton,48121,8.872,8.417,1407,399,97,30
TX,Guadalupe,48187,8.834,7.539,1426,715,98,59
TX,Wichita,48485,8.748000000000001,6.082,1469,1577,99,117
TX,Gillespie,48171,8.726,8.169,1484,471,100,38
TX,Tarrant,48439,8.644,8.394,1527,405,101,32
TX,Washington,48477,8.636,7.4719999999999995,1532,738,102,61
TX,Lee,48287,8.586,8.458,1565,376,103,26
TX,Burleson,48051,8.508000000000001,7.315,1608,805,104,67
TX,Galveston,48167,8.482000000000001,7.5489999999999995,1620,712,105,58
TX,Carson,48065,8.436,6.0760000000000005,1637,1583,106,118
TX,Fort Bend,48157,8.408,7.195,1649,866,107,71
TX,Dallas,48113,8.376000000000001,8.121,1661,487,108,40
TX,Uvalde,48463,8.366,5.438000000000001,1666,1971,109,140
TX,Nacogdoches,48347,8.35,5.181,1676,2127,110,151
TX,Cass,48067,8.348,6.28,1679,1435,111,111
TX,Hutchinson,48233,8.348,5.5600000000000005,1679,1921,111,137
TX,Trinity,48455,8.318000000000001,7.2989999999999995,1694,813,113,68
TX,Brazos,48041,8.25,7.081999999999999,1725,943,114,75
TX,Gaines,48165,8.078,5.746,1825,1800,115,126
TX,Angelina,48005,8.062000000000001,5.612,1838,1888,116,132
TX,Val Verde,48465,8.026,4.911,1854,2227,117,160
TX,Victoria,48469,7.952000000000001,4.9670000000000005,1889,2212,118,159
TX,Tom Green,48451,7.952,5.718999999999999,1890,1822,119,127
TX,Robertson,48395,7.837999999999999,6.401999999999999,1940,1360,120,107
TX,Chambers,48071,7.792,6.882000000000001,1960,1060,121,83
TX,Travis,48453,7.790000000000001,7.5969999999999995,1964,693,122,57
TX,Maverick,48323,7.768000000000001,4.7219999999999995,1971,2311,123,165
TX,Harrison,48203,7.74,4.869,1979,2250,124,161
TX,Jones,48253,7.708,6.298,1998,1422,125,109
TX,Starr,48427,7.704000000000001,4.719,2000,2314,126,166
TX,Lavaca,48285,7.68,6.412000000000001,2009,1351,127,106
TX,Nueces,48355,7.674000000000001,5.474,2013,1958,128,139
TX,Shelby,48419,7.612,5.246,2034,2085,129,148
TX,Live Oak,48297,7.586,5.289,2042,2056,130,145
TX,Leon,48289,7.57,6.6930000000000005,2045,1177,131,92
TX,Pecos,48371,7.514,6.426,2063,1336,132,105
TX,Lamb,48279,7.392,5.754,2101,1795,133,125
TX,Liberty,48291,7.351999999999999,7.062,2116,952,134,78
TX,Webb,48479,7.337999999999999,5.561999999999999,2118,1919,135,136
TX,Bexar,48029,7.336,6.955,2119,1008,136,82
TX,Taylor,48441,7.304,5.581,2129,1905,137,134
TX,Randall,48381,7.236,5.087,2153,2170,138,155
TX,Matagorda,48321,7.228,5.3,2155,2048,139,144
TX,Gray,48179,7.178,3.8339999999999996,2173,2557,140,173
TX,San Patricio,48409,7.124,5.590999999999999,2195,1901,141,133
TX,Brazoria,48039,7.010000000000001,6.736,2226,1141,142,90
TX,Potter,48375,6.956,5.2780000000000005,2245,2062,143,146
TX,McCulloch,48307,6.946,6.13,2246,1546,144,115
TX,Walker,48471,6.85,6.125,2274,1549,145,116
TX,Hale,48189,6.828,4.988,2281,2204,146,158
TX,Polk,48373,6.822,5.031000000000001,2284,2188,147,157
TX,Scurry,48415,6.7780000000000005,3.4859999999999998,2293,2621,148,174
TX,Moore,48341,6.706,4.822,2313,2271,149,164
TX,Wilson,48493,6.664,5.376,2322,2012,150,143
TX,Jackson,48239,6.662000000000001,6.601000000000001,2323,1232,151,97
TX,Lubbock,48303,6.608,5.101,2337,2165,152,154
TX,Hockley,48219,6.586,5.4799999999999995,2343,1954,153,138
TX,Orange,48361,6.525999999999999,5.264,2356,2072,154,147
TX,Marion,48315,6.473333333333334,5.0375,2370,2186,155,156
TX,Wharton,48481,6.401999999999999,5.707,2388,1831,156,128
TX,Nolan,48353,6.382,5.649,2390,1871,157,129
TX,Calhoun,48057,6.356,4.854,2397,2260,158,162
TX,Bee,48025,6.292,4.5520000000000005,2417,2369,159,167
TX,Harris,48201,6.042,5.184,2461,2124,160,150
TX,Colorado,48089,6.038,5.423,2463,1984,161,141
TX,Hardin,48199,5.9879999999999995,5.101999999999999,2471,2163,162,153
TX,Jefferson,48245,5.976,5.191,2474,2119,163,149
TX,Kleberg,48273,5.9479999999999995,3.8920000000000003,2479,2543,164,172
TX,Brewster,48043,5.720000000000001,5.393,2512,2003,165,142
TX,Jasper,48241,5.6339999999999995,4.839,2526,2266,166,163
TX,Jim Wells,48249,5.614,4.151,2529,2484,167,171
TX,Howard,48227,5.522,5.107,2542,2159,168,152
TX,Hartley,48205,5.35,3.4090000000000003,2570,2633,169,175
TX,Dallam,48111,5.298,6.205,2581,1485,170,113
TX,Andrews,48003,4.598000000000001,4.252000000000001,2659,2459,171,170
TX,Yoakum,48501,4.585,5.768571428571429,2660,1786,172,123
TX,Ector,48135,3.9959999999999996,4.473,2706,2393,173,168
TX,Ward,48475,3.7439999999999998,5.62,2722,1885,174,131
TX,Midland,48329,3.7380000000000004,4.309,2723,2441,175,169
TX,Ochiltree,48357,2.886,1.752,2747,2762,176,177
TX,Hemphill,48211,2.2499999999999996,2.535,2759,2722,177,176
UT,Rich,49033,22.463333333333335,12.23,1,10,1,1
UT,Wayne,49055,17.94,11.735,12,18,2,2
UT,Carbon,49007,12.962,7.675999999999999,103,664,3,24
UT,Beaver,49001,12.706,9.061,138,226,4,12
UT,Millard,49027,12.518,9.602,154,123,5,3
UT,Uintah,49047,11.93,6.047,249,1600,6,26
UT,Garfield,49017,11.835,9.024444444444445,266,234,7,14
UT,Morgan,49029,11.398,9.195,376,195,8,10
UT,Duchesne,49013,11.178,5.881,440,1713,9,27
UT,Sanpete,49039,10.908,8.602,516,342,10,19
UT,Sevier,49041,10.852,8.456,535,378,11,22
UT,Box Elder,49003,10.819999999999999,9.559999999999999,546,131,12,5
UT,Cache,49005,10.809999999999999,9.056999999999999,550,228,13,13
UT,Washington,49053,10.538,8.812000000000001,640,283,14,15
UT,Iron,49021,10.418000000000001,9.271,683,176,15,9
UT,Wasatch,49051,10.35,9.348,708,163,16,7
UT,Weber,49057,10.208,9.59,762,127,17,4
UT,Juab,49023,10.112,9.356,809,160,18,6
UT,Tooele,49045,9.940000000000001,9.164,880,202,19,11
UT,Summit,49043,9.936,8.699,883,310,20,17
UT,Utah,49049,9.815999999999999,8.644,940,331,21,18
UT,Davis,49011,9.681999999999999,8.59,1011,344,22,20
UT,Salt Lake,49035,9.512,8.571000000000002,1084,350,23,21
UT,Grand,49019,9.506,8.722,1091,305,24,16
UT,Kane,49025,9.372,9.306999999999999,1155,168,25,8
UT,Emery,49015,9.352,7.803,1166,615,26,23
UT,San Juan,49037,9.158,6.869,1263,1068,27,25
VA,Scott,51169,14.7375,8.175555555555555,33,470,1,3
VA,Patrick,51141,14.662,7.388,38,771,2,5
VA,Martinsville City,51690,12.922,6.383000000000001,109,1369,3,27
VA,Hopewell City,51670,12.437999999999999,8.186,160,465,4,2
VA,Northampton,51131,12.102,8.973,225,244,5,1
VA,Bristol City,51520,12.048,7.135,234,904,6,9
VA,Accomack,51001,11.646,6.561,309,1259,7,20
VA,Buena Vista City,51530,10.992,7.3469999999999995,493,788,8,7
VA,Westmoreland,51193,10.975999999999999,6.348000000000001,498,1389,9,30
VA,Williamsburg City,51830,10.634,5.8629999999999995,605,1729,10,52
VA,Bland,51021,10.533333333333333,0.13166666666666713,643,2784,11,129
VA,Pittsylvania,51143,10.484,6.078,657,1579,12,36
VA,Craig,51045,10.412500000000001,5.365555555555556,685,2015,13,94
VA,Mecklenburg,51117,10.382000000000001,5.919,699,1685,14,47
VA,Petersburg City,51730,10.374,7.372,702,776,15,6
VA,Washington,51191,10.36,5.951,706,1669,16,46
VA,Danville City,51590,10.328,5.4719999999999995,716,1959,17,85
VA,Roanoke City,51770,10.246,6.62,745,1223,18,19
VA,Northumberland,51133,10.136,5.57,798,1914,19,79
VA,Middlesex,51119,10.118,5.608,808,1893,20,75
VA,Madison,51113,10.112,6.19,809,1497,21,32
VA,Franklin,51067,10.064,6.078,830,1579,22,36
VA,Henry,51089,10.048,5.378,835,2009,23,93
VA,Amelia,51007,9.992,7.026999999999999,852,961,24,11
VA,Colonial Heights City,51570,9.83,6.831999999999999,934,1092,25,14
VA,Staunton City,51790,9.82,6.720000000000001,938,1159,26,17
VA,Lynchburg City,51680,9.815999999999999,6.4079999999999995,940,1353,27,24
VA,Chesterfield,51041,9.806000000000001,7.183,944,872,28,8
VA,Portsmouth City,51740,9.798,6.063000000000001,952,1588,29,38
VA,Brunswick,51025,9.751999999999999,7.016,972,970,30,12
VA,Galax City,51640,9.663999999999998,7.1129999999999995,1017,919,31,10
VA,Hampton City,51650,9.45,5.68,1122,1855,32,68
VA,Spotsylvania,51177,9.42,6.7299999999999995,1138,1147,33,16
VA,King William,51101,9.388,5.795,1151,1763,34,56
VA,Page,51139,9.372,6.378,1155,1370,35,28
VA,Waynesboro City,51820,9.364,6.156000000000001,1160,1527,36,34
VA,Radford City,51750,9.36,6.018,1163,1619,37,41
VA,Shenandoah,51171,9.304,6.146,1185,1538,38,35
VA,Richmond City,51760,9.296,7.764999999999999,1189,629,39,4
VA,James City,51095,9.294,5.629,1190,1879,40,74
VA,Powhatan,51145,9.256,6.4030000000000005,1209,1358,41,25
VA,Warren,51187,9.226,6.3549999999999995,1221,1388,42,29
VA,Carroll,51035,9.193999999999999,5.577,1241,1907,43,77
VA,Buckingham,51029,9.190000000000001,5.9030000000000005,1244,1702,44,50
VA,Suffolk City,51800,9.186,5.961,1247,1662,45,45
VA,Smyth,51173,9.18,5.688,1249,1845,46,67
VA,Wythe,51197,9.168000000000001,5.228,1254,2100,47,99
VA,Henrico,51087,9.14,6.824,1277,1097,48,15
VA,Lexington City,51678,9.114,5.235,1293,2095,49,98
VA,Winchester City,51840,9.104000000000001,6.393,1298,1366,50,26
VA,Roanoke,51161,9.04,5.843,1321,1740,51,53
VA,Dinwiddie,51053,9.036,6.4719999999999995,1323,1304,52,21
VA,Caroline,51033,8.94,6.709999999999999,1367,1164,53,18
VA,Floyd,51063,8.922,5.654,1375,1868,54,72
VA,Franklin City,51620,8.902000000000001,5.540000000000001,1387,1925,55,80
VA,Campbell,51031,8.9,5.774,1388,1782,56,59
VA,Lancaster,51103,8.87,5.008,1408,2197,57,107
VA,Fluvanna,51065,8.86,5.576,1413,1909,58,78
VA,Greensville,51081,8.846666666666666,6.02375,1418,1616,59,40
VA,Nelson,51125,8.84,5.714,1423,1825,60,63
VA,Louisa,51109,8.778,6.414,1459,1347,61,23
VA,Clarke,51043,8.748000000000001,5.716,1469,1823,62,62
VA,Appomattox,51011,8.74,5.75,1477,1798,63,60
VA,Bedford,51019,8.732000000000001,5.631,1481,1878,64,73
VA,Newport News City,51700,8.724,5.412000000000001,1485,1993,65,90
VA,Botetourt,51023,8.702000000000002,5.664,1494,1863,66,71
VA,Pulaski,51155,8.652000000000001,5.522,1523,1935,67,81
VA,Salem City,51775,8.652,5.915,1524,1689,68,48
VA,Charlottesville City,51540,8.64,6.889,1529,1056,69,13
VA,Prince George,51149,8.636,5.828,1532,1743,70,54
VA,Cumberland,51049,8.618,5.732,1548,1810,71,61
VA,Amherst,51009,8.592,5.6979999999999995,1561,1840,72,65
VA,Goochland,51075,8.572,6.046,1580,1602,73,39
VA,Buchanan,51027,8.565,1.1528571428571426,1585,2773,74,127
VA,Essex,51057,8.532,5.785,1595,1769,75,58
VA,Gloucester,51073,8.522,5.2,1599,2116,76,100
VA,Orange,51137,8.443999999999999,6.186999999999999,1633,1502,77,33
VA,Giles,51071,8.406,5.668,1651,1860,78,69
VA,New Kent,51127,8.396,6.192,1655,1493,79,31
VA,Stafford,51179,8.358,5.813000000000001,1670,1751,80,55
VA,Prince William,51153,8.356,5.911,1671,1696,81,49
VA,Rappahannock,51157,8.344,5.417,1683,1989,82,89
VA,Lunenburg,51111,8.328,5.2829999999999995,1688,2058,83,97
VA,Loudoun,51107,8.264,5.706,1719,1833,84,64
VA,Frederick,51069,8.254000000000001,5.997999999999999,1723,1641,85,43
VA,Grayson,51077,8.232000000000001,5.786,1737,1768,86,57
VA,Hanover,51085,8.2,5.893,1753,1708,87,51
VA,Augusta,51015,8.16,5.384,1777,2006,88,92
VA,Wise,51195,8.152,4.776999999999999,1780,2293,89,110
VA,Culpeper,51047,8.146,6.01,1784,1630,90,42
VA,Southampton,51175,8.142,4.861,1788,2254,91,109
VA,Nottoway,51135,8.129999999999999,5.093999999999999,1793,2167,92,104
VA,Chesapeake City,51550,8.122,5.461,1802,1965,93,86
VA,Prince Edward,51147,8.118,4.557,1806,2365,94,113
VA,Virginia Beach City,51810,8.075999999999999,5.2909999999999995,1828,2055,95,96
VA,King George,51099,8.010000000000002,5.406000000000001,1863,1996,96,91
VA,Mathews,51115,7.970000000000001,4.864,1878,2252,97,108
VA,Rockingham,51165,7.964,5.358,1884,2018,98,95
VA,Manassas City,51683,7.958,5.489,1887,1948,99,83
VA,Emporia City,51595,7.944999999999999,0.6619999999999997,1895,2780,100,128
VA,Charles City,51036,7.936,6.417999999999999,1903,1343,101,22
VA,Sussex,51183,7.894,5.1579999999999995,1919,2139,102,101
VA,Norfolk City,51710,7.886,5.12,1921,2155,103,103
VA,Greene,51079,7.864,5.487,1929,1949,104,84
VA,Isle of Wight,51093,7.8180000000000005,5.04,1952,2184,105,106
VA,Montgomery,51121,7.766,5.419,1972,1987,106,88
VA,King and Queen,51097,7.726000000000001,4.35,1987,2429,107,117
VA,Halifax,51083,7.703999999999999,5.085,2001,2173,108,105
VA,Albemarle,51003,7.654000000000001,5.692,2019,1843,109,66
VA,Charlotte,51037,7.62,5.667,2031,1861,110,70
VA,Harrisonburg City,51660,7.598000000000001,5.497,2038,1945,111,82
VA,Fauquier,51061,7.5760000000000005,5.431,2044,1975,112,87
VA,Surry,51181,7.414,5.13,2091,2146,113,102
VA,Manassas Park City,51685,7.388,5.994,2102,1645,114,44
VA,Alleghany,51005,7.275999999999999,4.157,2143,2482,115,118
VA,Rockbridge,51163,7.268000000000001,4.682,2144,2331,116,112
VA,Fredericksburg City,51630,7.031999999999999,5.593,2219,1898,117,76
VA,Poquoson City,51735,6.984,4.451,2235,2404,118,116
VA,York,51199,6.712000000000001,3.993,2310,2513,119,120
VA,Fairfax City,51600,6.636,4.7490000000000006,2329,2303,120,111
VA,Fairfax,51059,6.593999999999999,4.4799999999999995,2340,2390,121,115
VA,Covington City,51580,6.506666666666667,3.74125,2361,2570,122,123
VA,Russell,51167,6.258,3.5200000000000005,2426,2610,123,125
VA,Richmond,51159,5.8759999999999994,4.121,2491,2491,124,119
VA,Tazewell,51185,5.208,3.023,2593,2680,125,126
VA,Falls Church City,51610,5.162,3.714,2599,2573,126,124
VA,Alexandria City,51510,4.906000000000001,3.938,2624,2533,127,121
VA,Bath,51017,4.706666666666666,4.53625,2646,2377,128,114
VA,Arlington,51013,4.702,3.88,2648,2545,129,122
VT,Essex,50009,13.56,7.550000000000001,63,709,1,1
VT,Rutland,50021,11.873999999999999,6.759,259,1124,2,4
VT,Windham,50025,11.794,6.726000000000001,274,1152,3,5
VT,Orleans,50019,11.78,6.191,278,1495,4,11
VT,Windsor,50027,11.772,6.709999999999999,282,1164,5,6
VT,Caledonia,50005,11.53,6.484,340,1298,6,7
VT,Lamoille,50015,10.986,7.331,496,797,7,2
VT,Washington,50023,10.613999999999999,6.795999999999999,612,1108,8,3
VT,Bennington,50003,10.392,5.726,695,1815,9,14
VT,Grand Isle,50013,10.16,6.36,786,1380,10,9
VT,Franklin,50011,10.06,6.12,831,1552,11,12
VT,Addison,50001,9.882,6.36,904,1380,12,9
VT,Chittenden,50007,9.78,6.449,958,1317,13,8
VT,Orange,50017,9.224,6.089,1222,1573,14,13
WA,Ferry,53019,11.49,8.524,352,362,1,18
WA,Wahkiakum,53069,11.238,10.143,431,77,2,1
WA,Okanogan,53047,10.998000000000001,7.822,491,602,3,33
WA,Lincoln,53043,10.950000000000001,9.233,503,185,4,10
WA,Stevens,53065,10.768,8.311,558,429,5,26
WA,Grays Harbor,53027,10.634,9.956999999999999,605,91,6,2
WA,Adams,53001,10.628,8.422,608,395,7,20
WA,Grant,53025,10.542,8.202,637,462,8,28
WA,Pacific,53049,10.452000000000002,9.287,671,173,9,9
WA,Pend Oreille,53051,10.212,8.312000000000001,760,426,10,25
WA,Garfield,53023,10.108,8.211,814,456,11,27
WA,Spokane,53063,9.884,9.392999999999999,902,150,12,5
WA,Lewis,53041,9.86,9.789,916,101,13,3
WA,San Juan,53055,9.78,7.764,958,630,14,34
WA,Clallam,53009,9.686,9.068999999999999,1007,223,15,11
WA,Jefferson,53031,9.636,8.987,1031,240,16,12
WA,Columbia,53013,9.620000000000001,7.636,1038,677,17,36
WA,Snohomish,53061,9.564,9.362,1059,159,18,6
WA,Mason,53045,9.556000000000001,9.32,1064,166,19,8
WA,Thurston,53067,9.536000000000001,8.774,1074,293,20,14
WA,Skagit,53057,9.434000000000001,9.342,1130,164,21,7
WA,Asotin,53003,9.258,6.884,1206,1059,22,39
WA,Whatcom,53073,9.238,8.689,1214,313,23,15
WA,Skamania,53059,9.120000000000001,8.443,1289,386,24,19
WA,Island,53029,9.042,8.575,1318,349,25,17
WA,Chelan,53007,8.982000000000001,8.369,1341,410,26,23
WA,Pierce,53053,8.942,9.452,1364,142,27,4
WA,Franklin,53021,8.809999999999999,8.366,1442,412,28,24
WA,Walla Walla,53071,8.690000000000001,7.691000000000001,1501,660,29,35
WA,Whitman,53075,8.687999999999999,6.989,1502,979,30,38
WA,Kittitas,53037,8.584,8.059000000000001,1567,511,31,30
WA,Klickitat,53039,8.58,8.017,1572,526,32,31
WA,Benton,53005,8.546000000000001,8.396,1590,403,33,21
WA,Yakima,53077,8.458,7.5969999999999995,1631,693,34,37
WA,Cowlitz,53015,8.120000000000001,8.818,1803,282,35,13
WA,Douglas,53017,8.081999999999999,8.013,1824,529,36,32
WA,Clark,53011,8.038,8.389,1846,406,37,22
WA,Kitsap,53035,8.024,8.657,1857,326,38,16
WA,King,53033,7.134,8.078999999999999,2190,505,39,29
WI,Rusk,55107,12.25,7.840000000000001,190,593,1,2
WI,Vilas,55125,12.187999999999999,7.318,210,803,2,17
WI,Door,55029,11.876,7.565,258,706,3,7
WI,Oconto,55083,11.32,7.526000000000001,400,721,4,8
WI,Adams,55001,11.314,7.653999999999999,403,671,5,5
WI,Shawano,55115,11.23,7.452,433,747,6,11
WI,Sawyer,55113,11.148,7.821,448,603,7,3
WI,Manitowoc,55071,11.016,7.506,488,726,8,9
WI,Juneau,55057,11.002,7.704000000000001,490,652,9,4
WI,Buffalo,55011,10.97,7.023999999999999,499,963,10,32
WI,Price,55099,10.94,6.897,508,1050,11,37
WI,Waushara,55137,10.906,7.361,517,779,12,15
WI,Bayfield,55007,10.834,7.197,541,861,13,21
WI,Burnett,55013,10.808,7.4590000000000005,552,744,14,10
WI,Marquette,55077,10.648,7.206,597,856,15,19
WI,Lincoln,55069,10.370000000000001,7.028999999999999,703,959,16,31
WI,Washburn,55129,10.33,7.305,715,811,17,18
WI,Green Lake,55047,10.236,6.569,748,1254,18,47
WI,Waupaca,55135,10.208,6.970000000000001,762,997,19,34
WI,Jackson,55053,10.14,7.37,795,777,20,14
WI,Barron,55005,10.124,7.108,804,921,21,26
WI,Marinette,55075,10.108,7.146000000000001,814,893,22,23
WI,Clark,55019,10.072,6.667999999999999,827,1199,23,43
WI,Douglas,55031,10.040000000000001,6.5040000000000004,840,1284,24,49
WI,Dunn,55033,9.940000000000001,7.389,880,770,25,13
WI,Brown,55009,9.92,7.401999999999999,891,764,26,12
WI,Outagamie,55087,9.844,7.3340000000000005,927,793,27,16
WI,Kewaunee,55061,9.772,7.089,963,936,28,27
WI,Oneida,55085,9.748,6.398000000000001,975,1362,29,53
WI,Rock,55105,9.746,7.8629999999999995,976,582,30,1
WI,Winnebago,55139,9.726,7.086,985,939,31,28
WI,Sheboygan,55117,9.709999999999999,7.2,997,859,32,20
WI,Calumet,55015,9.654,7.001,1022,974,33,33
WI,Polk,55095,9.604000000000001,7.644,1043,673,34,6
WI,Green,55045,9.506,7.109,1091,920,35,25
WI,Dodge,55027,9.501999999999999,6.889,1094,1056,36,39
WI,Fond du Lac,55039,9.458,6.462999999999999,1115,1308,37,51
WI,Crawford,55023,9.360000000000001,6.218,1162,1474,38,56
WI,Walworth,55127,9.306000000000001,7.13,1182,908,39,24
WI,Langlade,55067,9.27,6.154999999999999,1198,1530,40,58
WI,Iowa,55049,9.262,6.92,1202,1036,41,36
WI,Sauk,55111,9.162,6.895999999999999,1260,1051,42,38
WI,Ashland,55003,9.158,5.626,1263,1881,43,69
WI,Portage,55097,9.11,6.6,1296,1234,44,46
WI,Eau Claire,55035,9.014,7.077,1331,945,45,29
WI,Pepin,55091,8.97,6.5040000000000004,1348,1284,46,49
WI,Chippewa,55017,8.947999999999999,7.077,1363,945,47,29
WI,Wood,55141,8.898,6.077,1394,1582,48,62
WI,Milwaukee,55079,8.892,6.646000000000001,1397,1207,49,44
WI,Florence,55037,8.825999999999999,5.4799999999999995,1432,1954,50,70
WI,Jefferson,55055,8.788,6.687,1453,1182,51,42
WI,Iron,55051,8.738,5.813000000000001,1478,1751,52,66
WI,Dane,55025,8.716,6.729000000000001,1489,1149,53,41
WI,Columbia,55021,8.588,6.606999999999999,1563,1229,54,45
WI,Richland,55103,8.55,6.212,1588,1480,55,57
WI,Monroe,55081,8.534,5.995,1594,1644,56,63
WI,Vernon,55123,8.52,6.419,1603,1341,57,52
WI,Racine,55101,8.501999999999999,6.944,1611,1019,58,35
WI,Kenosha,55059,8.459999999999999,7.183,1630,872,59,22
WI,Washington,55131,8.354,6.284,1672,1433,60,54
WI,La Crosse,55063,8.193999999999999,6.248,1759,1459,61,55
WI,Marathon,55073,8.192,6.111,1761,1561,62,60
WI,Waukesha,55133,8.15,6.117,1781,1555,63,59
WI,Grant,55043,8.128,5.865,1795,1726,64,65
WI,Lafayette,55065,7.93,5.707,1907,1831,65,68
WI,Trempealeau,55121,7.8420000000000005,5.811999999999999,1938,1753,66,67
WI,Saint Croix,55109,7.775999999999999,6.742,1969,1133,67,40
WI,Ozaukee,55089,7.760000000000001,5.879,1974,1715,68,64
WI,Pierce,55093,7.702,6.5329999999999995,2002,1271,69,48
WI,Forest,55041,6.942,5.463,2247,1964,70,71
WI,Taylor,55119,6.93,4.9430000000000005,2250,2220,71,72
WI,Menominee,55078,4.465,6.1000000000000005,2673,1568,72,61
WV,Boone,54005,11.815999999999999,4.595000000000001,269,2350,1,17
WV,Roane,54087,10.545,5.947777777777778,635,1670,2,6
WV,Upshur,54097,10.08,4.811,825,2277,3,13
WV,Hardy,54031,10.07,6.284000000000001,829,1432,4,4
WV,Fayette,54019,9.953999999999999,5.037,874,2187,5,12
WV,Grant,54023,9.925,9.925,888,93,6,1
WV,Nicholas,54067,9.744,5.528,978,1930,7,7
WV,Jefferson,54037,9.456,6.312,1117,1414,8,3
WV,Mineral,54057,8.866,5.215999999999999,1409,2106,9,9
WV,Berkeley,54003,8.818,6.728999999999999,1435,1150,10,2
WV,Greenbrier,54025,8.738,5.061,1478,2178,11,11
WV,Hancock,54029,8.722,6.211,1486,1482,12,5
WV,Lewis,54041,8.602,5.170999999999999,1557,2133,13,10
WV,Randolph,54083,8.046000000000001,4.372,1842,2423,14,20
WV,Hampshire,54027,8.014,4.695,1861,2320,15,16
WV,Mercer,54055,7.734,4.481,1985,2389,16,18
WV,Wetzel,54103,6.938,3.946,2248,2531,17,28
WV,Putnam,54079,6.9300000000000015,4.130000000000001,2249,2489,18,22
WV,Marion,54049,6.867999999999999,4.703,2270,2319,19,15
WV,Wood,54107,6.8180000000000005,4.378,2285,2420,20,19
WV,Brooke,54009,6.63,5.265,2332,2071,21,8
WV,Raleigh,54081,6.473999999999999,3.109,2369,2669,22,37
WV,Wayne,54099,6.378,4.263,2392,2455,23,21
WV,Morgan,54065,6.17,4.784000000000001,2436,2289,24,14
WV,Kanawha,54039,6.09,3.308,2455,2644,25,35
WV,Harrison,54033,5.708,4.021,2514,2509,26,24
WV,Taylor,54091,5.648000000000001,3.9520000000000004,2522,2526,27,27
WV,Barbour,54001,5.6175,3.69,2528,2581,28,32
WV,Preston,54077,5.485999999999999,4.082,2544,2497,29,23
WV,Jackson,54035,5.442,3.7009999999999996,2551,2578,30,31
WV,Cabell,54011,5.351999999999999,3.254,2569,2652,31,36
WV,Mason,54053,5.35,3.4259999999999997,2570,2630,32,33
WV,Monongalia,54061,5.3420000000000005,3.97,2574,2520,33,26
WV,Ohio,54069,5.3340000000000005,3.9810000000000003,2577,2517,34,25
WV,Logan,54045,5.0633333333333335,0.7075,2607,2778,35,41
WV,Summers,54089,4.82,3.322,2629,2643,36,34
WV,Lincoln,54043,4.8100000000000005,3.936,2630,2534,37,29
WV,Marshall,54051,4.0840000000000005,3.9090000000000003,2696,2539,38,30
WV,Pleasants,54073,1.5433333333333332,2.035,2768,2751,39,38
WV,Monroe,54063,1.2,2.0125,2772,2752,40,39
WV,Mingo,54059,0.7599999999999998,1.7585714285714285,2778,2761,41,40
WY,Hot Springs,56017,11.72,6.343999999999999,294,1394,1,7
WY,Sublette,56035,11.175999999999998,6.328,441,1403,2,8
WY,Park,56029,11.086,7.090000000000001,469,934,3,3
WY,Big Horn,56003,10.686,7.136,582,902,4,2
WY,Lincoln,56023,10.108,8.039,814,518,5,1
WY,Uinta,56041,9.468,6.037999999999999,1109,1608,6,10
WY,Washakie,56043,9.234,5.505000000000001,1216,1943,7,13
WY,Crook,56011,8.888,6.489999999999999,1401,1295,8,5
WY,Goshen,56015,8.828,5.345000000000001,1430,2027,9,14
WY,Sheridan,56033,8.540000000000001,6.43,1591,1332,10,6
WY,Albany,56001,8.532,5.899,1595,1705,11,11
WY,Fremont,56013,8.516,5.211,1606,2110,12,15
WY,Johnson,56019,7.906000000000001,5.823,1913,1750,13,12
WY,Natrona,56025,7.298,4.098,2136,2495,14,17
WY,Platte,56031,7.276000000000001,5.203,2141,2114,15,16
WY,Laramie,56021,7.258,6.228,2147,1468,16,9
WY,Campbell,56005,6.5920000000000005,3.722,2341,2572,17,18
WY,Weston,56045,5.358,3.1420000000000003,2563,2663,18,21
WY,Converse,56009,5.038,3.364,2609,2636,19,20
WY,Carbon,56007,4.962,3.5769999999999995,2618,2602,20,19
WY,Sweetwater,56037,4.851999999999999,3.006,2627,2683,21,22
WY,Teton,56039,3.9599999999999995,7.0175,2708,969,22,4
